regulamentacao	PLO#7#11/03/2009
regulamentacao	PL#104#10/03/2009
regulamentacao	PL#115#10/03/2009
regulamentacao	PL#116#10/03/2009
saude	PL#133#17/03/2009
data	PL#135#17/03/2009
saude	PL#136#17/03/2009
data	PL#138#17/03/2009
muda_nome	PL#139#17/03/2009
data	PL#140#17/03/2009
saude	PL#146#18/03/2009
regulamentacao	PL#148#24/03/2009
edu	PL#151#25/03/2009
dev	PL#158#26/03/2009
data	PL#159#26/03/2009
edu	PL#160#31/03/2009
edu	PL#164#31/03/2009
saude	PL#198#31/03/2009
regulamentacao	PL#203#31/03/2009
data	PL#204#31/03/2009
edu	PL#205#31/03/2009
edu	PL#207#01/04/2009
regulamentacao	PL#210#02/04/2009
regulamentacao	PL#211#02/04/2009
regulamentacao	PL#212#02/04/2009
edu	PL#213#07/04/2009
regulamentacao	PL#219#07/04/2009
ambiente	PL#222#14/04/2009
regulamentacao	PL#223#14/04/2009
regulamentacao	PL#224#14/04/2009
saude	PL#225#14/04/2009
regulamentacao	PL#230#14/04/2009
edu	PL#233#14/04/2009
regulamentacao	PL#238#15/04/2009
muda_nome	PL#240#15/04/2009
dev	PL#243#15/04/2009
edu	PL#244#15/04/2009
saude	PL#245#15/04/2009
muda_nome	PL#252#22/04/2009
regulamentacao	PL#255#23/04/2009
data	PL#256#23/04/2009
muda_nome	PL#262#28/04/2009
data	PL#267#28/04/2009
regulamentacao	PL#269#28/04/2009
saude	PL#272#29/04/2009
edu	PL#273#29/04/2009
edu	PL#275#29/04/2009
regulamentacao	PL#276#29/04/2009
regulamentacao	PL#277#05/05/2009
edu	PL#278#05/05/2009
saude	PL#279#05/05/2009
saude	PL#281#05/05/2009
saude	PL#282#05/05/2009
data	PL#283#05/05/2009
regulamentacao	PL#284#05/05/2009
regulamentacao	PL#285#05/05/2009
regulamentacao	PL#290#05/05/2009
muda_nome	PL#291#05/05/2009
data	PL#292#05/05/2009
regulamentacao	PL#293#05/05/2009
saude	PL#294#05/05/2009
regulamentacao	PL#295#05/05/2009
saude	PL#296#05/05/2009
regulamentacao	PL#297#05/05/2009
regulamentacao	PL#300#06/05/2009
saude	PL#301#06/05/2009
regulamentacao	PL#302#06/05/2009
muda_nome	PL#303#06/05/2009
regulamentacao	PL#304#06/05/2009
regulamentacao	PL#308#07/05/2009
data	PL#309#07/05/2009
regulamentacao	PL#315#12/05/2009
muda_nome	PL#316#12/05/2009
regulamentacao	PL#317#12/05/2009
edu	PL#318#12/05/2009
saude	PL#319#12/05/2009
regulamentacao	PL#320#12/05/2009
regulamentacao	PL#321#13/05/2009
saude	PL#322#13/05/2009
regulamentacao	PL#323#13/05/2009
saude	PL#327#14/05/2009
regulamentacao	PL#330#19/05/2009
data	PL#333#19/05/2009
muda_nome	PL#334#19/05/2009
regulamentacao	PL#335#19/05/2009
saude	PL#336#19/05/2009
regulamentacao	PL#339#21/05/2009
saude	PL#341#21/05/2009
regulamentacao	PL#342#21/05/2009
saude	PL#343#21/05/2009
regulamentacao	PL#345#21/05/2009
data	PL#346#21/05/2009
saude	PL#347#21/05/2009
saude	PL#348#21/05/2009
saude	PL#349#21/05/2009
edu	PL#350#21/05/2009
regulamentacao	PL#351#26/05/2009
edu	PL#352#26/05/2009
regulamentacao	PL#354#26/05/2009
saude	PL#356#26/05/2009
regulamentacao	PL#357#26/05/2009
saude	PL#358#26/05/2009
regulamentacao	PL#359#26/05/2009
saude	PL#360#26/05/2009
saude	PL#362#27/05/2009
muda_nome	PL#363#27/05/2009
muda_nome	PL#364#27/05/2009
muda_nome	PL#365#27/05/2009
saude	PL#367#27/05/2009
regulamentacao	PL#368#27/05/2009
regulamentacao	PL#370#28/05/2009
muda_nome	PL#371#28/05/2009
regulamentacao	PL#372#02/06/2009
saude	PL#373#02/06/2009
regulamentacao	PL#374#02/06/2009
regulamentacao	PL#375#02/06/2009
data	PL#376#02/06/2009
edu	PL#377#02/06/2009
saude	PL#378#02/06/2009
regulamentacao	PL#380#03/06/2009
saude	PL#382#10/06/2009
saude	PL#385#10/06/2009
saude	PL#386#10/06/2009
regulamentacao	PL#387#10/06/2009
saude	PL#388#10/06/2009
edu	PL#389#10/06/2009
saude	PL#390#10/06/2009
saude	PL#391#10/06/2009
data	PL#392#10/06/2009
saude	PL#395#10/06/2009
muda_nome	PL#396#10/06/2009
saude	PL#399#10/06/2009
edu	PL#400#10/06/2009
regulamentacao	PL#404#16/06/2009
regulamentacao	PL#407#16/06/2009
saude	PL#411#16/06/2009
edu	PL#412#16/06/2009
edu	PL#413#16/06/2009
regulamentacao	PL#414#16/06/2009
saude	PL#416#16/06/2009
regulamentacao	PL#419#17/06/2009
regulamentacao	PL#420#17/06/2009
saude	PL#421#17/06/2009
saude	PL#423#17/06/2009
saude	PL#424#23/06/2009
saude	PL#425#23/06/2009
muda_nome	PL#426#23/06/2009
muda_nome	PL#428#23/06/2009
muda_nome	PL#429#23/06/2009
regulamentacao	PL#431#23/06/2009
saude	PL#432#23/06/2009
saude	PL#433#23/06/2009
edu	PL#434#23/06/2009
muda_nome	PL#435#23/06/2009
saude	PL#437#23/06/2009
regulamentacao	PL#439#23/06/2009
saude	PL#440#23/06/2009
muda_nome	PL#441#24/06/2009
muda_nome	PL#442#24/06/2009
saude	PL#443#24/06/2009
data	PL#444#30/06/2009
saude	PL#445#30/06/2009
regulamentacao	PL#446#30/06/2009
regulamentacao	PL#449#30/06/2009
saude	PL#450#30/06/2009
regulamentacao	PL#451#30/06/2009
regulamentacao	PL#452#30/06/2009
data	PL#454#30/06/2009
saude	PL#455#30/06/2009
regulamentacao	PL#457#30/06/2009
regulamentacao	PL#458#30/06/2009
regulamentacao	PL#459#04/08/2009
regulamentacao	PL#461#04/08/2009
regulamentacao	PL#462#04/08/2009
regulamentacao	PL#463#04/08/2009
regulamentacao	PL#464#04/08/2009
regulamentacao	PL#465#04/08/2009
saude	PL#466#04/08/2009
saude	PL#467#04/08/2009
saude	PL#468#04/08/2009
saude	PL#470#04/08/2009
regulamentacao	PL#473#04/08/2009
regulamentacao	PL#474#04/08/2009
regulamentacao	PL#475#04/08/2009
saude	PL#479#04/08/2009
regulamentacao	PL#480#04/08/2009
edu	PL#482#04/08/2009
data	PL#483#04/08/2009
regulamentacao	PL#484#04/08/2009
regulamentacao	PL#486#04/08/2009
saude	PL#487#04/08/2009
edu	PL#488#04/08/2009
regulamentacao	PL#489#04/08/2009
muda_nome	PL#490#04/08/2009
regulamentacao	PL#491#04/08/2009
saude	PL#492#04/08/2009
saude	PL#495#04/08/2009
saude	PL#497#05/08/2009
saude	PL#498#05/08/2009
edu	PL#499#05/08/2009
edu	PL#500#05/08/2009
edu	PL#502#05/08/2009
regulamentacao	PL#508#05/08/2009
regulamentacao	PL#509#05/08/2009
saude	PL#514#11/08/2009
saude	PL#516#11/08/2009
regulamentacao	PL#517#11/08/2009
muda_nome	PL#518#11/08/2009
saude	PL#519#11/08/2009
regulamentacao	PL#521#11/08/2009
regulamentacao	PL#523#12/08/2009
saude	PL#526#13/08/2009
regulamentacao	PL#527#18/08/2009
regulamentacao	PL#528#18/08/2009
regulamentacao	PL#529#18/08/2009
saude	PL#531#18/08/2009
regulamentacao	PL#533#19/08/2009
regulamentacao	PL#534#20/08/2009
saude	PL#537#25/08/2009
regulamentacao	PL#538#25/08/2009
regulamentacao	PL#544#25/08/2009
regulamentacao	PL#545#01/09/2009
muda_nome	PL#546#01/09/2009
data	PL#551#01/09/2009
edu	PL#552#01/09/2009
saude	PL#554#01/09/2009
saude	PL#555#01/09/2009
saude	PL#556#01/09/2009
saude	PL#557#01/09/2009
saude	PL#558#01/09/2009
edu	PL#559#01/09/2009
edu	PL#560#01/09/2009
saude	PL#561#01/09/2009
muda_nome	PL#562#01/09/2009
regulamentacao	PL#563#01/09/2009
regulamentacao	PL#571#03/09/2009
edu	PL#572#03/09/2009
saude	PL#573#03/09/2009
saude	PL#574#03/09/2009
lixo	PL#575#08/09/2009
regulamentacao	PL#576#08/09/2009
regulamentacao	PL#577#08/09/2009
dev	PL#578#08/09/2009
edu	PL#579#09/09/2009
regulamentacao	PL#580#09/09/2009
regulamentacao	PL#581#09/09/2009
data	PL#582#09/09/2009
saude	PL#583#09/09/2009
saude	PL#584#09/09/2009
regulamentacao	PL#585#16/09/2009
edu	PL#586#16/09/2009
regulamentacao	PL#587#16/09/2009
muda_nome	PL#589#16/09/2009
edu	PL#591#16/09/2009
saude	PL#592#16/09/2009
data	PL#593#16/09/2009
data	PL#594#16/09/2009
saude	PL#595#16/09/2009
data	PL#596#16/09/2009
data	PL#597#16/09/2009
regulamentacao	PL#598#16/09/2009
edu	PL#599#16/09/2009
edu	PL#600#16/09/2009
regulamentacao	PL#602#16/09/2009
edu	PL#603#16/09/2009
regulamentacao	PL#604#16/09/2009
muda_nome	PL#605#16/09/2009
regulamentacao	PL#606#16/09/2009
saude	PL#607#17/09/2009
muda_nome	PL#608#17/09/2009
muda_nome	PL#609#17/09/2009
edu	PL#611#22/09/2009
saude	PL#612#22/09/2009
regulamentacao	PL#613#22/09/2009
regulamentacao	PL#615#22/09/2009
lixo	PL#616#22/09/2009
regulamentacao	PL#618#22/09/2009
data	PL#619#23/09/2009
regulamentacao	PL#622#29/09/2009
regulamentacao	PL#624#29/09/2009
regulamentacao	PL#626#29/09/2009
regulamentacao	PL#627#29/09/2009
saude	PL#629#29/09/2009
regulamentacao	PL#631#30/09/2009
saude	PL#632#30/09/2009
regulamentacao	PL#633#30/09/2009
regulamentacao	PL#634#30/09/2009
regulamentacao	PL#635#30/09/2009
regulamentacao	PL#636#30/09/2009
muda_nome	PL#637#30/09/2009
regulamentacao	PL#638#01/10/2009
regulamentacao	PL#639#01/10/2009
muda_nome	PL#640#01/10/2009
muda_nome	PL#641#01/10/2009
regulamentacao	PL#643#06/10/2009
edu	PL#644#06/10/2009
regulamentacao	PL#645#06/10/2009
muda_nome	PL#648#06/10/2009
saude	PL#649#06/10/2009
saude	PL#650#06/10/2009
saude	PL#651#06/10/2009
edu	PL#652#06/10/2009
regulamentacao	PL#653#07/10/2009
saude	PL#655#07/10/2009
saude	PL#656#07/10/2009
regulamentacao	PL#657#13/10/2009
regulamentacao	PL#658#13/10/2009
regulamentacao	PL#659#13/10/2009
muda_nome	PL#660#13/10/2009
regulamentacao	PL#661#13/10/2009
regulamentacao	PL#662#13/10/2009
edu	PL#663#13/10/2009
regulamentacao	PL#667#20/10/2009
saude	PL#669#20/10/2009
regulamentacao	PL#670#20/10/2009
data	PL#672#20/10/2009
regulamentacao	PL#673#20/10/2009
edu	PL#674#21/10/2009
data	PL#678#22/10/2009
edu	PL#679#22/10/2009
regulamentacao	PL#680#27/10/2009
regulamentacao	PL#681#27/10/2009
regulamentacao	PL#683#27/10/2009
regulamentacao	PL#684#27/10/2009
edu	PL#685#27/10/2009
saude	PL#686#27/10/2009
saude	PL#688#28/10/2009
saude	PL#690#28/10/2009
regulamentacao	PL#691#28/10/2009
regulamentacao	PL#693#29/10/2009
data	PL#694#29/10/2009
saude	PL#695#29/10/2009
edu	PL#696#29/10/2009
regulamentacao	PL#697#29/10/2009
edu	PL#699#04/11/2009
saude	PL#700#04/11/2009
saude	PL#704#04/11/2009
regulamentacao	PL#707#05/11/2009
saude	PL#710#11/11/2009
muda_nome	PL#711#11/11/2009
regulamentacao	PL#712#11/11/2009
regulamentacao	PL#713#12/11/2009
regulamentacao	PL#715#12/11/2009
regulamentacao	PL#718#17/11/2009
saude	PL#719#17/11/2009
regulamentacao	PL#720#17/11/2009
regulamentacao	PL#721#17/11/2009
saude	PL#722#17/11/2009
edu	PL#724#24/11/2009
edu	PL#725#24/11/2009
regulamentacao	PL#726#24/11/2009
regulamentacao	PL#727#24/11/2009
regulamentacao	PL#729#24/11/2009
regulamentacao	PL#730#24/11/2009
edu	PL#731#25/11/2009
saude	PL#733#26/11/2009
muda_nome	PL#734#26/11/2009
muda_nome	PL#736#26/11/2009
edu	PL#739#01/12/2009
edu	PL#741#01/12/2009
saude	PL#742#01/12/2009
muda_nome	PL#743#02/12/2009
saude	PL#745#02/12/2009
regulamentacao	PL#750#03/12/2009
regulamentacao	PL#751#03/12/2009
regulamentacao	PL#752#03/12/2009
regulamentacao	PL#753#03/12/2009
edu	PL#754#03/12/2009
data	PL#756#09/12/2009
muda_nome	PL#760#10/12/2009
data	PL#763#10/12/2009
regulamentacao	PLO#1#24/02/2010
regulamentacao	PLO#2#08/04/2010
data	PL#3#24/02/2010
regulamentacao	PL#4#24/02/2010
regulamentacao	PLO#4#22/06/2010
edu	PL#5#24/02/2010
edu	PLO#5#30/06/2010
edu	PL#6#24/02/2010
regulamentacao	PLO#6#04/08/2010
regulamentacao	PLO#7#31/08/2010
regulamentacao	PL#8#24/02/2010
regulamentacao	PLO#8#05/10/2010
edu	PL#9#24/02/2010
edu	PLO#9#15/12/2010
muda_nome	PL#10#24/02/2010
edu	PLO#10#15/12/2010
saude	PL#11#24/02/2010
regulamentacao	PL#12#24/02/2010
regulamentacao	PL#13#24/02/2010
saude	PL#14#24/02/2010
saude	PL#15#24/02/2010
saude	PL#16#24/02/2010
regulamentacao	PL#24#24/02/2010
regulamentacao	PL#25#24/02/2010
data	PL#27#24/02/2010
regulamentacao	PL#28#24/02/2010
regulamentacao	PL#29#24/02/2010
regulamentacao	PL#31#24/02/2010
edu	PL#32#24/02/2010
muda_nome	PL#33#24/02/2010
regulamentacao	PL#37#24/02/2010
regulamentacao	PL#38#24/02/2010
regulamentacao	PL#39#24/02/2010
regulamentacao	PL#40#24/02/2010
saude	PL#41#24/02/2010
saude	PL#42#24/02/2010
regulamentacao	PL#43#24/02/2010
data	PL#45#24/02/2010
saude	PL#46#24/02/2010
regulamentacao	PL#47#24/02/2010
edu	PL#48#24/02/2010
saude	PL#49#24/02/2010
saude	PL#50#24/02/2010
muda_nome	PL#51#24/02/2010
regulamentacao	PL#53#24/02/2010
muda_nome	PL#55#24/02/2010
regulamentacao	PL#56#24/02/2010
saude	PL#58#24/02/2010
regulamentacao	PL#59#24/02/2010
muda_nome	PL#61#25/02/2010
regulamentacao	PL#63#02/03/2010
regulamentacao	PL#64#03/03/2010
regulamentacao	PL#65#03/03/2010
saude	PL#69#04/03/2010
regulamentacao	PL#72#16/03/2010
saude	PL#74#16/03/2010
muda_nome	PL#77#16/03/2010
edu	PL#78#16/03/2010
saude	PL#79#16/03/2010
saude	PL#81#16/03/2010
saude	PL#82#16/03/2010
regulamentacao	PL#83#16/03/2010
saude	PL#85#16/03/2010
regulamentacao	PL#86#16/03/2010
regulamentacao	PL#87#16/03/2010
aumento	PL#89#16/03/2010
muda_nome	PL#90#17/03/2010
edu	PL#91#17/03/2010
muda_nome	PL#93#24/03/2010
regulamentacao	PL#96#24/03/2010
saude	PL#97#24/03/2010
muda_nome	PL#98#24/03/2010
saude	PL#99#24/03/2010
saude	PL#100#24/03/2010
saude	PL#102#24/03/2010
regulamentacao	PL#104#24/03/2010
regulamentacao	PL#105#24/03/2010
regulamentacao	PL#106#24/03/2010
muda_nome	PL#107#24/03/2010
regulamentacao	PL#108#24/03/2010
saude	PL#110#25/03/2010
muda_nome	PL#112#30/03/2010
data	PL#113#30/03/2010
saude	PL#114#31/03/2010
regulamentacao	PL#115#31/03/2010
regulamentacao	PL#116#31/03/2010
regulamentacao	PL#118#08/04/2010
saude	PL#119#08/04/2010
edu	PL#124#08/04/2010
saude	PL#125#08/04/2010
regulamentacao	PL#126#08/04/2010
regulamentacao	PL#128#13/04/2010
muda_nome	PL#129#13/04/2010
regulamentacao	PL#132#13/04/2010
regulamentacao	PL#134#13/04/2010
data	PL#135#13/04/2010
data	PL#136#13/04/2010
regulamentacao	PL#138#13/04/2010
saude	PL#139#13/04/2010
edu	PL#141#14/04/2010
data	PL#144#15/04/2010
regulamentacao	PL#146#15/04/2010
regulamentacao	PL#148#27/04/2010
regulamentacao	PL#150#27/04/2010
data	PL#151#27/04/2010
data	PL#152#27/04/2010
data	PL#153#27/04/2010
regulamentacao	PL#154#27/04/2010
regulamentacao	PL#156#27/04/2010
muda_nome	PL#157#27/04/2010
data	PL#158#27/04/2010
edu	PL#159#27/04/2010
saude	PL#161#28/04/2010
edu	PL#162#05/05/2010
regulamentacao	PL#163#05/05/2010
edu	PL#164#05/05/2010
regulamentacao	PL#165#05/05/2010
data	PL#166#05/05/2010
saude	PL#167#05/05/2010
regulamentacao	PL#169#05/05/2010
edu	PL#170#05/05/2010
muda_nome	PL#175#05/05/2010
ambiente	PL#176#05/05/2010
saude	PL#178#05/05/2010
data	PL#185#11/05/2010
saude	PL#187#11/05/2010
regulamentacao	PL#188#11/05/2010
regulamentacao	PL#190#11/05/2010
regulamentacao	PL#192#11/05/2010
edu	PL#193#11/05/2010
regulamentacao	PL#194#11/05/2010
regulamentacao	PL#195#11/05/2010
regulamentacao	PL#196#12/05/2010
data	PL#199#18/05/2010
regulamentacao	PL#202#18/05/2010
edu	PL#204#18/05/2010
edu	PL#205#18/05/2010
regulamentacao	PL#206#18/05/2010
saude	PL#209#18/05/2010
regulamentacao	PL#211#18/05/2010
regulamentacao	PL#215#20/05/2010
regulamentacao	PL#216#20/05/2010
regulamentacao	PL#218#20/05/2010
saude	PL#219#20/05/2010
regulamentacao	PL#220#20/05/2010
regulamentacao	PL#221#20/05/2010
regulamentacao	PL#223#26/05/2010
regulamentacao	PL#224#26/05/2010
saude	PL#225#26/05/2010
saude	PL#227#26/05/2010
regulamentacao	PL#229#26/05/2010
regulamentacao	PL#231#26/05/2010
saude	PL#232#26/05/2010
saude	PL#233#26/05/2010
edu	PL#235#27/05/2010
saude	PL#239#27/05/2010
saude	PL#240#27/05/2010
regulamentacao	PL#241#27/05/2010
saude	PL#242#01/06/2010
saude	PL#243#01/06/2010
saude	PL#244#01/06/2010
saude	PL#247#01/06/2010
edu	PL#248#02/06/2010
regulamentacao	PL#249#02/06/2010
saude	PL#253#09/06/2010
data	PL#254#09/06/2010
regulamentacao	PL#255#09/06/2010
muda_nome	PL#256#09/06/2010
regulamentacao	PL#260#09/06/2010
saude	PL#261#09/06/2010
regulamentacao	PL#262#10/06/2010
saude	PL#263#10/06/2010
saude	PL#264#10/06/2010
saude	PL#267#10/06/2010
saude	PL#268#10/06/2010
muda_nome	PL#269#14/06/2010
regulamentacao	PL#270#16/06/2010
saude	PL#271#16/06/2010
saude	PL#272#16/06/2010
saude	PL#273#16/06/2010
saude	PL#274#16/06/2010
saude	PL#275#22/06/2010
regulamentacao	PL#278#22/06/2010
saude	PL#279#22/06/2010
saude	PL#280#22/06/2010
saude	PL#281#22/06/2010
regulamentacao	PL#283#22/06/2010
regulamentacao	PL#284#22/06/2010
regulamentacao	PL#285#22/06/2010
muda_nome	PL#286#22/06/2010
edu	PL#287#22/06/2010
edu	PL#288#22/06/2010
saude	PL#289#22/06/2010
regulamentacao	PL#290#22/06/2010
muda_nome	PL#292#22/06/2010
saude	PL#293#22/06/2010
muda_nome	PL#295#22/06/2010
saude	PL#296#23/06/2010
saude	PL#297#23/06/2010
edu	PL#298#23/06/2010
saude	PL#300#24/06/2010
saude	PL#301#24/06/2010
saude	PL#302#24/06/2010
regulamentacao	PL#303#24/06/2010
saude	PL#305#24/06/2010
regulamentacao	PL#306#24/06/2010
muda_nome	PL#307#29/06/2010
saude	PL#308#29/06/2010
muda_nome	PL#309#29/06/2010
muda_nome	PL#312#30/06/2010
saude	PL#314#30/06/2010
regulamentacao	PL#316#30/06/2010
regulamentacao	PL#317#30/06/2010
regulamentacao	PL#318#30/06/2010
regulamentacao	PL#319#30/06/2010
saude	PL#320#04/08/2010
regulamentacao	PL#321#04/08/2010
regulamentacao	PL#322#04/08/2010
regulamentacao	PL#323#04/08/2010
regulamentacao	PL#324#04/08/2010
regulamentacao	PL#325#04/08/2010
regulamentacao	PL#326#04/08/2010
regulamentacao	PL#327#04/08/2010
saude	PL#328#04/08/2010
muda_nome	PL#329#04/08/2010
muda_nome	PL#331#04/08/2010
data	PL#332#04/08/2010
regulamentacao	PL#335#04/08/2010
saude	PL#336#04/08/2010
saude	PL#337#04/08/2010
saude	PL#338#04/08/2010
saude	PL#339#04/08/2010
saude	PL#340#04/08/2010
regulamentacao	PL#342#04/08/2010
regulamentacao	PL#343#04/08/2010
saude	PL#344#04/08/2010
regulamentacao	PL#345#04/08/2010
regulamentacao	PL#346#04/08/2010
regulamentacao	PL#347#04/08/2010
saude	PL#348#04/08/2010
regulamentacao	PL#350#04/08/2010
muda_nome	PL#351#04/08/2010
regulamentacao	PL#352#04/08/2010
data	PL#354#04/08/2010
regulamentacao	PL#355#04/08/2010
regulamentacao	PL#356#04/08/2010
regulamentacao	PL#357#04/08/2010
saude	PL#358#04/08/2010
regulamentacao	PL#359#04/08/2010
saude	PL#360#04/08/2010
regulamentacao	PL#361#04/08/2010
muda_nome	PL#362#04/08/2010
regulamentacao	PL#363#04/08/2010
regulamentacao	PL#364#04/08/2010
regulamentacao	PL#370#05/08/2010
data	PL#372#05/08/2010
regulamentacao	PL#374#05/08/2010
saude	PL#375#10/08/2010
saude	PL#377#10/08/2010
data	PL#378#10/08/2010
regulamentacao	PL#385#11/08/2010
saude	PL#386#11/08/2010
edu	PL#387#11/08/2010
saude	PL#391#17/08/2010
edu	PL#392#17/08/2010
regulamentacao	PL#395#17/08/2010
regulamentacao	PL#396#17/08/2010
saude	PL#399#18/08/2010
edu	PL#400#24/08/2010
saude	PL#403#24/08/2010
regulamentacao	PL#404#24/08/2010
muda_nome	PL#405#31/08/2010
data	PL#406#31/08/2010
regulamentacao	PL#409#31/08/2010
regulamentacao	PL#412#01/09/2010
saude	PL#413#01/09/2010
saude	PL#419#08/09/2010
saude	PL#420#08/09/2010
regulamentacao	PL#422#08/09/2010
saude	PL#423#08/09/2010
edu	PL#424#08/09/2010
regulamentacao	PL#425#08/09/2010
data	PL#427#14/09/2010
data	PL#429#14/09/2010
data	PL#431#14/09/2010
saude	PL#432#14/09/2010
muda_nome	PL#434#15/09/2010
regulamentacao	PL#436#21/09/2010
regulamentacao	PL#438#22/09/2010
saude	PL#440#28/09/2010
regulamentacao	PL#441#28/09/2010
edu	PL#442#29/09/2010
regulamentacao	PL#444#05/10/2010
edu	PL#446#05/10/2010
saude	PL#447#05/10/2010
saude	PL#448#05/10/2010
dev	PL#449#05/10/2010
saude	PL#450#05/10/2010
edu	PL#451#05/10/2010
saude	PL#452#05/10/2010
saude	PL#453#06/10/2010
saude	PL#454#06/10/2010
regulamentacao	PL#455#06/10/2010
regulamentacao	PL#456#06/10/2010
saude	PL#457#13/10/2010
saude	PL#458#13/10/2010
regulamentacao	PL#459#13/10/2010
regulamentacao	PL#462#20/10/2010
regulamentacao	PL#463#20/10/2010
data	PL#464#20/10/2010
regulamentacao	PL#468#20/10/2010
regulamentacao	PL#469#20/10/2010
data	PL#474#27/10/2010
saude	PL#477#27/10/2010
edu	PL#478#27/10/2010
muda_nome	PL#479#27/10/2010
data	PL#480#27/10/2010
regulamentacao	PL#483#03/11/2010
data	PL#484#03/11/2010
regulamentacao	PL#485#03/11/2010
data	PL#486#03/11/2010
data	PL#487#03/11/2010
muda_nome	PL#488#03/11/2010
regulamentacao	PL#490#03/11/2010
regulamentacao	PL#492#03/11/2010
edu	PL#493#03/11/2010
regulamentacao	PL#496#03/11/2010
data	PL#497#03/11/2010
saude	PL#500#03/11/2010
regulamentacao	PL#504#09/11/2010
regulamentacao	PL#505#09/11/2010
saude	PL#507#09/11/2010
saude	PL#508#09/11/2010
edu	PL#509#09/11/2010
muda_nome	PL#510#09/11/2010
data	PL#512#10/11/2010
saude	PL#515#16/11/2010
saude	PL#516#16/11/2010
regulamentacao	PL#517#16/11/2010
saude	PL#519#16/11/2010
regulamentacao	PL#520#16/11/2010
regulamentacao	PL#522#17/11/2010
regulamentacao	PL#523#17/11/2010
regulamentacao	PL#524#17/11/2010
regulamentacao	PL#525#17/11/2010
regulamentacao	PL#526#17/11/2010
regulamentacao	PL#528#18/11/2010
data	PL#529#15/12/2010
data	PL#531#15/12/2010
saude	PL#532#15/12/2010
saude	PL#533#15/12/2010
edu	PL#534#15/12/2010
edu	PL#535#15/12/2010
saude	PL#536#15/12/2010
regulamentacao	PL#537#15/12/2010
saude	PL#538#15/12/2010
saude	PL#539#15/12/2010
saude	PL#540#15/12/2010
saude	PL#541#15/12/2010
saude	PL#544#15/12/2010
regulamentacao	PL#547#15/12/2010
regulamentacao	PL#548#15/12/2010
saude	PL#549#15/12/2010
saude	PL#552#15/12/2010
regulamentacao	PL#553#15/12/2010
edu	PL#555#15/12/2010
saude	PL#557#15/12/2010
muda_nome	PL#559#15/12/2010
saude	PL#560#15/12/2010
data	PL#561#15/12/2010
saude	PL#562#15/12/2010
regulamentacao	PL#564#15/12/2010
regulamentacao	PL#568#15/12/2010
regulamentacao	PL#572#15/12/2010
regulamentacao	PL#573#15/12/2010
regulamentacao	PL#574#15/12/2010
regulamentacao	PL#578#15/12/2010
saude	PL#1#05/04/2011
saude	PLO#1#05/04/2011
saude	PL#2#05/04/2011
regulamentacao	PLO#2#05/04/2011
saude	PL#3#05/04/2011
regulamentacao	PLO#3#05/04/2011
regulamentacao	PLO#4#05/04/2011
saude	PL#5#05/04/2011
regulamentacao	PL#6#05/04/2011
saude	PLO#6#05/04/2011
regulamentacao	PL#7#05/04/2011
saude	PLO#7#05/04/2011
saude	PL#8#05/04/2011
regulamentacao	PLO#8#13/04/2011
regulamentacao	PLO#9#19/04/2011
regulamentacao	PL#10#05/04/2011
regulamentacao	PLO#10#19/04/2011
saude	PL#11#05/04/2011
regulamentacao	PLO#11#27/04/2011
muda_nome	PL#12#05/04/2011
regulamentacao	PLO#12#25/05/2011
muda_nome	PL#13#05/04/2011
regulamentacao	PLO#13#09/06/2011
edu	PL#15#05/04/2011
regulamentacao	PLO#15#20/10/2011
regulamentacao	PLO#16#16/11/2011
saude	PL#17#05/04/2011
regulamentacao	PLO#17#08/12/2011
muda_nome	PL#18#05/04/2011
data	PL#20#05/04/2011
data	PL#22#05/04/2011
muda_nome	PL#23#05/04/2011
muda_nome	PL#24#05/04/2011
muda_nome	PL#25#05/04/2011
regulamentacao	PL#27#05/04/2011
regulamentacao	PL#28#05/04/2011
regulamentacao	PL#32#05/04/2011
regulamentacao	PL#33#05/04/2011
regulamentacao	PL#37#05/04/2011
regulamentacao	PL#38#05/04/2011
regulamentacao	PL#39#05/04/2011
regulamentacao	PL#41#05/04/2011
saude	PL#42#05/04/2011
saude	PL#44#05/04/2011
muda_nome	PL#45#05/04/2011
saude	PL#46#05/04/2011
muda_nome	PL#48#05/04/2011
regulamentacao	PL#49#05/04/2011
saude	PL#50#05/04/2011
saude	PL#51#05/04/2011
edu	PL#53#05/04/2011
regulamentacao	PL#57#05/04/2011
saude	PL#58#05/04/2011
saude	PL#59#05/04/2011
edu	PL#61#05/04/2011
regulamentacao	PL#62#05/04/2011
regulamentacao	PL#63#05/04/2011
regulamentacao	PL#64#05/04/2011
regulamentacao	PL#65#05/04/2011
saude	PL#67#05/04/2011
saude	PL#68#05/04/2011
data	PL#69#05/04/2011
edu	PL#70#05/04/2011
saude	PL#71#05/04/2011
saude	PL#73#05/04/2011
saude	PL#74#05/04/2011
saude	PL#75#05/04/2011
regulamentacao	PL#77#05/04/2011
saude	PL#78#05/04/2011
regulamentacao	PL#79#05/04/2011
regulamentacao	PL#80#05/04/2011
edu	PL#81#05/04/2011
saude	PL#83#05/04/2011
edu	PL#84#05/04/2011
saude	PL#85#05/04/2011
saude	PL#86#05/04/2011
regulamentacao	PL#87#05/04/2011
edu	PL#88#05/04/2011
regulamentacao	PL#89#05/04/2011
regulamentacao	PL#91#05/04/2011
regulamentacao	PL#92#05/04/2011
saude	PL#94#05/04/2011
edu	PL#95#05/04/2011
saude	PL#96#05/04/2011
regulamentacao	PL#99#05/04/2011
regulamentacao	PL#100#05/04/2011
regulamentacao	PL#101#05/04/2011
data	PL#102#05/04/2011
edu	PL#103#05/04/2011
regulamentacao	PL#105#05/04/2011
regulamentacao	PL#106#22/03/2011
regulamentacao	PL#108#05/04/2011
edu	PL#109#05/04/2011
saude	PL#111#05/04/2011
edu	PL#112#05/04/2011
edu	PL#113#05/04/2011
saude	PL#114#05/04/2011
saude	PL#115#05/04/2011
edu	PL#116#05/04/2011
regulamentacao	PL#117#05/04/2011
regulamentacao	PL#118#05/04/2011
regulamentacao	PL#120#05/04/2011
regulamentacao	PL#121#05/04/2011
data	PL#126#05/04/2011
regulamentacao	PL#132#05/04/2011
muda_nome	PL#133#05/04/2011
edu	PL#134#05/04/2011
saude	PL#135#05/04/2011
data	PL#136#05/04/2011
regulamentacao	PL#137#05/04/2011
regulamentacao	PL#138#05/04/2011
regulamentacao	PL#139#05/04/2011
dev	PL#140#05/04/2011
regulamentacao	PL#141#05/04/2011
saude	PL#142#05/04/2011
regulamentacao	PL#143#05/04/2011
regulamentacao	PL#145#05/04/2011
regulamentacao	PL#146#05/04/2011
regulamentacao	PL#147#05/04/2011
regulamentacao	PL#148#05/04/2011
regulamentacao	PL#149#05/04/2011
regulamentacao	PL#151#12/04/2011
saude	PL#152#12/04/2011
regulamentacao	PL#153#12/04/2011
regulamentacao	PL#154#12/04/2011
regulamentacao	PL#156#12/04/2011
transito	PL#157#12/04/2011
regulamentacao	PL#162#12/04/2011
regulamentacao	PL#163#12/04/2011
edu	PL#164#12/04/2011
saude	PL#165#12/04/2011
saude	PL#166#12/04/2011
regulamentacao	PL#167#12/04/2011
regulamentacao	PL#170#12/04/2011
regulamentacao	PL#173#13/04/2011
muda_nome	PL#174#13/04/2011
saude	PL#176#13/04/2011
regulamentacao	PL#178#14/04/2011
regulamentacao	PL#179#14/04/2011
edu	PL#181#14/04/2011
regulamentacao	PL#183#19/04/2011
muda_nome	PL#184#27/04/2011
regulamentacao	PL#185#27/04/2011
regulamentacao	PL#186#27/04/2011
regulamentacao	PL#188#27/04/2011
muda_nome	PL#189#27/04/2011
saude	PL#190#27/04/2011
data	PL#191#27/04/2011
regulamentacao	PL#193#27/04/2011
saude	PL#195#27/04/2011
regulamentacao	PL#196#27/04/2011
regulamentacao	PL#197#27/04/2011
saude	PL#198#27/04/2011
data	PL#199#27/04/2011
saude	PL#202#27/04/2011
saude	PL#203#27/04/2011
edu	PL#204#27/04/2011
saude	PL#205#27/04/2011
saude	PL#206#27/04/2011
regulamentacao	PL#207#28/04/2011
edu	PL#208#28/04/2011
regulamentacao	PL#209#28/04/2011
regulamentacao	PL#210#05/05/2011
saude	PL#214#05/05/2011
data	PL#216#05/05/2011
muda_nome	PL#217#05/05/2011
saude	PL#219#05/05/2011
regulamentacao	PL#221#10/05/2011
saude	PL#222#10/05/2011
muda_nome	PL#224#10/05/2011
regulamentacao	PL#225#10/05/2011
saude	PL#226#10/05/2011
edu	PL#227#25/05/2011
regulamentacao	PL#228#25/05/2011
regulamentacao	PL#230#25/05/2011
saude	PL#231#25/05/2011
regulamentacao	PL#234#25/05/2011
regulamentacao	PL#236#25/05/2011
edu	PL#237#25/05/2011
regulamentacao	PL#238#25/05/2011
data	PL#239#25/05/2011
muda_nome	PL#240#25/05/2011
regulamentacao	PL#241#25/05/2011
data	PL#245#25/05/2011
regulamentacao	PL#246#25/05/2011
data	PL#248#25/05/2011
regulamentacao	PL#249#25/05/2011
muda_nome	PL#251#25/05/2011
saude	PL#253#25/05/2011
regulamentacao	PL#254#25/05/2011
regulamentacao	PL#255#25/05/2011
regulamentacao	PL#256#25/05/2011
saude	PL#257#01/06/2011
saude	PL#258#01/06/2011
regulamentacao	PL#259#01/06/2011
regulamentacao	PL#262#01/06/2011
muda_nome	PL#263#01/06/2011
muda_nome	PL#264#01/06/2011
regulamentacao	PL#265#01/06/2011
regulamentacao	PL#266#01/06/2011
regulamentacao	PL#267#01/06/2011
regulamentacao	PL#268#01/06/2011
regulamentacao	PL#269#01/06/2011
muda_nome	PL#270#01/06/2011
regulamentacao	PL#271#01/06/2011
regulamentacao	PL#273#01/06/2011
regulamentacao	PL#275#01/06/2011
regulamentacao	PL#277#01/06/2011
regulamentacao	PL#279#07/06/2011
saude	PL#280#07/06/2011
saude	PL#281#07/06/2011
regulamentacao	PL#282#07/06/2011
regulamentacao	PL#285#09/06/2011
regulamentacao	PL#287#09/06/2011
regulamentacao	PL#290#21/06/2011
regulamentacao	PL#291#21/06/2011
saude	PL#292#21/06/2011
regulamentacao	PL#293#21/06/2011
saude	PL#295#21/06/2011
saude	PL#296#21/06/2011
regulamentacao	PL#297#21/06/2011
edu	PL#298#21/06/2011
regulamentacao	PL#299#21/06/2011
regulamentacao	PL#300#21/06/2011
saude	PL#301#21/06/2011
regulamentacao	PL#302#21/06/2011
saude	PL#303#21/06/2011
saude	PL#304#21/06/2011
regulamentacao	PL#305#21/06/2011
saude	PL#306#21/06/2011
saude	PL#307#28/06/2011
saude	PL#308#28/06/2011
muda_nome	PL#309#28/06/2011
regulamentacao	PL#310#28/06/2011
regulamentacao	PL#311#28/06/2011
regulamentacao	PL#312#28/06/2011
edu	PL#313#28/06/2011
regulamentacao	PL#314#29/06/2011
regulamentacao	PL#317#29/06/2011
edu	PL#318#29/06/2011
edu	PL#326#29/06/2011
regulamentacao	PL#327#30/06/2011
regulamentacao	PL#328#30/06/2011
saude	PL#329#30/06/2011
regulamentacao	PL#330#30/06/2011
data	PL#331#30/06/2011
edu	PL#332#02/08/2011
muda_nome	PL#334#02/08/2011
saude	PL#335#02/08/2011
regulamentacao	PL#336#02/08/2011
saude	PL#338#02/08/2011
data	PL#340#02/08/2011
regulamentacao	PL#341#02/08/2011
regulamentacao	PL#342#02/08/2011
muda_nome	PL#343#02/08/2011
saude	PL#344#02/08/2011
saude	PL#345#02/08/2011
regulamentacao	PL#346#02/08/2011
regulamentacao	PL#348#02/08/2011
regulamentacao	PL#349#02/08/2011
saude	PL#350#02/08/2011
data	PL#355#02/08/2011
regulamentacao	PL#356#02/08/2011
regulamentacao	PL#357#02/08/2011
regulamentacao	PL#358#02/08/2011
edu	PL#359#02/08/2011
regulamentacao	PL#361#03/08/2011
saude	PL#363#03/08/2011
regulamentacao	PL#365#03/08/2011
regulamentacao	PL#367#10/08/2011
edu	PL#368#10/08/2011
muda_nome	PL#370#10/08/2011
regulamentacao	PL#371#10/08/2011
data	PL#372#10/08/2011
edu	PL#375#10/08/2011
regulamentacao	PL#376#10/08/2011
regulamentacao	PL#377#10/08/2011
regulamentacao	PL#378#10/08/2011
data	PL#381#11/08/2011
data	PL#384#16/08/2011
saude	PL#385#16/08/2011
data	PL#387#16/08/2011
data	PL#388#16/08/2011
saude	PL#389#16/08/2011
saude	PL#390#16/08/2011
regulamentacao	PL#392#16/08/2011
regulamentacao	PL#393#16/08/2011
regulamentacao	PL#394#16/08/2011
regulamentacao	PL#395#16/08/2011
data	PL#397#18/08/2011
saude	PL#398#18/08/2011
data	PL#399#18/08/2011
muda_nome	PL#402#18/08/2011
regulamentacao	PL#403#23/08/2011
regulamentacao	PL#404#23/08/2011
regulamentacao	PL#405#23/08/2011
saude	PL#407#23/08/2011
edu	PL#408#23/08/2011
edu	PL#409#23/08/2011
regulamentacao	PL#410#23/08/2011
regulamentacao	PL#411#23/08/2011
regulamentacao	PL#412#23/08/2011
regulamentacao	PL#413#23/08/2011
regulamentacao	PL#414#23/08/2011
regulamentacao	PL#417#23/08/2011
edu	PL#418#24/08/2011
regulamentacao	PL#419#24/08/2011
regulamentacao	PL#420#24/08/2011
edu	PL#421#24/08/2011
saude	PL#422#25/08/2011
data	PL#423#25/08/2011
regulamentacao	PL#424#25/08/2011
saude	PL#426#25/08/2011
saude	PL#427#30/08/2011
regulamentacao	PL#428#30/08/2011
saude	PL#429#30/08/2011
saude	PL#430#30/08/2011
muda_nome	PL#431#13/09/2011
edu	PL#432#13/09/2011
regulamentacao	PL#433#13/09/2011
saude	PL#436#13/09/2011
muda_nome	PL#437#13/09/2011
regulamentacao	PL#438#13/09/2011
data	PL#439#13/09/2011
saude	PL#446#13/09/2011
saude	PL#447#13/09/2011
regulamentacao	PL#449#13/09/2011
saude	PL#450#14/09/2011
saude	PL#451#14/09/2011
regulamentacao	PL#452#14/09/2011
saude	PL#453#14/09/2011
saude	PL#454#14/09/2011
regulamentacao	PL#456#21/09/2011
regulamentacao	PL#457#21/09/2011
saude	PL#459#21/09/2011
regulamentacao	PL#461#21/09/2011
saude	PL#463#22/09/2011
muda_nome	PL#464#22/09/2011
saude	PL#465#22/09/2011
saude	PL#466#28/09/2011
regulamentacao	PL#467#28/09/2011
muda_nome	PL#468#28/09/2011
regulamentacao	PL#470#28/09/2011
regulamentacao	PL#471#28/09/2011
muda_nome	PL#472#28/09/2011
muda_nome	PL#475#28/09/2011
saude	PL#478#05/10/2011
regulamentacao	PL#479#05/10/2011
saude	PL#482#05/10/2011
regulamentacao	PL#484#05/10/2011
regulamentacao	PL#487#19/10/2011
regulamentacao	PL#488#19/10/2011
regulamentacao	PL#489#19/10/2011
data	PL#491#19/10/2011
regulamentacao	PL#492#19/10/2011
regulamentacao	PL#493#19/10/2011
data	PL#494#19/10/2011
saude	PL#495#19/10/2011
regulamentacao	PL#496#19/10/2011
edu	PL#497#19/10/2011
edu	PL#498#19/10/2011
regulamentacao	PL#499#20/10/2011
regulamentacao	PL#501#25/10/2011
saude	PL#502#25/10/2011
edu	PL#503#25/10/2011
saude	PL#504#25/10/2011
regulamentacao	PL#505#25/10/2011
regulamentacao	PL#507#26/10/2011
regulamentacao	PL#508#26/10/2011
saude	PL#509#26/10/2011
saude	PL#511#09/11/2011
saude	PL#513#09/11/2011
muda_nome	PL#514#09/11/2011
muda_nome	PL#517#09/11/2011
regulamentacao	PL#518#09/11/2011
saude	PL#520#09/11/2011
edu	PL#521#09/11/2011
saude	PL#522#16/11/2011
regulamentacao	PL#524#16/11/2011
edu	PL#525#16/11/2011
edu	PL#526#16/11/2011
edu	PL#527#16/11/2011
edu	PL#528#16/11/2011
edu	PL#529#16/11/2011
regulamentacao	PL#530#16/11/2011
regulamentacao	PL#531#16/11/2011
regulamentacao	PL#532#16/11/2011
saude	PL#533#16/11/2011
regulamentacao	PL#534#16/11/2011
muda_nome	PL#535#16/11/2011
saude	PL#536#16/11/2011
regulamentacao	PL#539#16/11/2011
regulamentacao	PL#542#22/11/2011
data	PL#544#22/11/2011
edu	PL#546#22/11/2011
data	PL#547#22/11/2011
regulamentacao	PL#548#22/11/2011
muda_nome	PL#549#22/11/2011
edu	PL#550#22/11/2011
regulamentacao	PL#551#22/11/2011
saude	PL#552#22/11/2011
data	PL#554#22/11/2011
edu	PL#556#24/11/2011
regulamentacao	PL#557#24/11/2011
saude	PL#558#24/11/2011
regulamentacao	PL#559#24/11/2011
regulamentacao	PL#560#24/11/2011
saude	PL#561#24/11/2011
regulamentacao	PL#562#24/11/2011
edu	PL#565#07/12/2011
saude	PL#566#08/12/2011
regulamentacao	PL#567#08/12/2011
regulamentacao	PL#569#08/12/2011
regulamentacao	PL#571#08/12/2011
regulamentacao	PL#572#08/12/2011
edu	PL#574#08/12/2011
edu	PL#576#08/12/2011
muda_nome	PL#577#08/12/2011
data	PL#578#08/12/2011
regulamentacao	PL#579#08/12/2011
direito	PL#580#08/12/2011
saude	PL#582#08/12/2011
data	PL#583#08/12/2011
regulamentacao	PL#585#08/12/2011
saude	PL#587#08/12/2011
regulamentacao	PL#588#08/12/2011
saude	PL#589#08/12/2011
regulamentacao	PL#590#08/12/2011
edu	PL#595#14/12/2011
regulamentacao	PL#596#14/12/2011
regulamentacao	PL#597#14/12/2011
regulamentacao	PL#600#14/12/2011
data	PL#601#14/12/2011
regulamentacao	PL#602#14/12/2011
data	PL#603#14/12/2011
data	PL#604#14/12/2011
regulamentacao	PL#605#14/12/2011
regulamentacao	PL#606#14/12/2011
saude	PL#607#14/12/2011
regulamentacao	PL#608#14/12/2011
saude	PL#610#14/12/2011
data	PL#611#14/12/2011
saude	PL#613#14/12/2011
regulamentacao	PL#618#15/12/2011
regulamentacao	PL#619#15/12/2011
regulamentacao	PL#620#15/12/2011
muda_nome	PL#5#07/02/2012
saude	PL#8#07/02/2012
muda_nome	PL#11#07/02/2012
muda_nome	PL#12#07/02/2012
regulamentacao	PL#15#07/02/2012
regulamentacao	PL#16#07/02/2012
regulamentacao	PL#17#07/02/2012
regulamentacao	PL#18#07/02/2012
edu	PL#20#07/02/2012
muda_nome	PL#22#07/02/2012
regulamentacao	PL#26#07/02/2012
regulamentacao	PL#27#07/02/2012
regulamentacao	PL#29#07/02/2012
regulamentacao	PL#33#07/02/2012
regulamentacao	PL#34#07/02/2012
regulamentacao	PL#36#07/02/2012
muda_nome	PL#37#09/02/2012
data	PL#38#09/02/2012
regulamentacao	PL#39#09/02/2012
regulamentacao	PL#40#09/02/2012
muda_nome	PL#42#09/02/2012
data	PL#43#15/02/2012
regulamentacao	PL#44#15/02/2012
regulamentacao	PL#46#15/02/2012
regulamentacao	PL#47#15/02/2012
regulamentacao	PL#56#28/02/2012
muda_nome	PL#57#28/02/2012
muda_nome	PL#59#28/02/2012
regulamentacao	PL#64#28/02/2012
saude	PL#65#06/03/2012
data	PL#67#06/03/2012
regulamentacao	PL#68#06/03/2012
muda_nome	PL#70#06/03/2012
muda_nome	PL#71#06/03/2012
data	PL#94#13/03/2012
aumento	PL#100#13/03/2012
saude	PL#101#13/03/2012
saude	PL#109#03/04/2012
saude	PL#114#03/04/2012
regulamentacao	PL#115#03/04/2012
regulamentacao	PL#117#03/04/2012
regulamentacao	PDL#1#17/02/2009
regulamentacao	PDL#2#17/02/2009
saude	PDL#3#17/02/2009
data	PDL#4#17/02/2009
regulamentacao	PDL#5#04/03/2009
saude	PDL#6#10/03/2009
regulamentacao	PDL#7#11/03/2009
regulamentacao	PDL#8#25/03/2009
regulamentacao	PDL#9#25/03/2009
regulamentacao	PDL#10#25/03/2009
regulamentacao	PDL#11#26/03/2009
regulamentacao	PDL#12#01/04/2009
saude	PDL#13#01/04/2009
regulamentacao	PDL#14#07/04/2009
regulamentacao	PDL#15#14/04/2009
regulamentacao	PDL#16#22/04/2009
regulamentacao	PDL#17#28/04/2009
regulamentacao	PDL#18#28/04/2009
regulamentacao	PDL#19#05/05/2009
regulamentacao	PDL#20#05/05/2009
regulamentacao	PDL#21#05/05/2009
data	PDL#22#07/05/2009
regulamentacao	PDL#23#12/05/2009
regulamentacao	PDL#24#21/05/2009
regulamentacao	PDL#25#28/05/2009
data	PDL#26#28/05/2009
regulamentacao	PDL#27#28/05/2009
data	PDL#28#28/05/2009
regulamentacao	PDL#29#28/05/2009
regulamentacao	PDL#30#28/05/2009
regulamentacao	PDL#31#10/06/2009
saude	PDL#32#10/06/2009
regulamentacao	PDL#33#10/06/2009
regulamentacao	PDL#34#17/06/2009
regulamentacao	PDL#35#23/06/2009
regulamentacao	PDL#36#23/06/2009
regulamentacao	PDL#37#23/06/2009
regulamentacao	PDL#38#23/06/2009
saude	PDL#39#23/06/2009
regulamentacao	PDL#40#30/06/2009
regulamentacao	PDL#41#30/06/2009
regulamentacao	PDL#42#30/06/2009
regulamentacao	PDL#43#30/06/2009
regulamentacao	PDL#44#04/08/2009
saude	PDL#45#05/08/2009
regulamentacao	PDL#46#05/08/2009
data	PDL#47#05/08/2009
regulamentacao	PDL#48#05/08/2009
regulamentacao	PDL#49#05/08/2009
regulamentacao	PDL#50#05/08/2009
saude	PDL#51#11/08/2009
regulamentacao	PDL#52#11/08/2009
regulamentacao	PDL#53#11/08/2009
regulamentacao	PDL#54#11/08/2009
data	PDL#55#12/08/2009
regulamentacao	PDL#56#12/08/2009
regulamentacao	PDL#57#19/08/2009
regulamentacao	PDL#58#20/08/2009
regulamentacao	PDL#59#25/08/2009
regulamentacao	PDL#60#25/08/2009
regulamentacao	PDL#61#01/09/2009
muda_nome	PDL#62#01/09/2009
data	PDL#63#01/09/2009
data	PDL#64#01/09/2009
data	PDL#65#03/09/2009
regulamentacao	PDL#66#08/09/2009
regulamentacao	PDL#67#17/09/2009
saude	PDL#68#17/09/2009
regulamentacao	PDL#69#22/09/2009
muda_nome	PDL#70#22/09/2009
regulamentacao	PDL#71#29/09/2009
regulamentacao	PDL#72#29/09/2009
regulamentacao	PDL#73#29/09/2009
regulamentacao	PDL#74#29/09/2009
regulamentacao	PDL#75#29/09/2009
regulamentacao	PDL#76#30/09/2009
regulamentacao	PDL#77#30/09/2009
regulamentacao	PDL#78#30/09/2009
regulamentacao	PDL#79#06/10/2009
regulamentacao	PDL#80#13/10/2009
saude	PDL#81#13/10/2009
saude	PDL#82#13/10/2009
regulamentacao	PDL#83#13/10/2009
data	PDL#84#14/10/2009
regulamentacao	PDL#85#14/10/2009
regulamentacao	PDL#86#14/10/2009
regulamentacao	PDL#87#14/10/2009
regulamentacao	PDL#88#15/10/2009
edu	PDL#89#20/10/2009
regulamentacao	PDL#90#20/10/2009
regulamentacao	PDL#91#27/10/2009
regulamentacao	PDL#92#27/10/2009
regulamentacao	PDL#93#27/10/2009
regulamentacao	PDL#94#04/11/2009
regulamentacao	PDL#95#04/11/2009
regulamentacao	PDL#96#18/11/2009
regulamentacao	PDL#97#26/11/2009
data	PDL#98#01/12/2009
edu	PDL#99#01/12/2009
regulamentacao	PDL#100#01/12/2009
regulamentacao	PDL#1#24/02/2010
saude	PDL#2#24/02/2010
data	PDL#3#24/02/2010
regulamentacao	PDL#4#24/02/2010
saude	PDL#5#24/02/2010
data	PDL#6#24/02/2010
regulamentacao	PDL#7#02/03/2010
data	PDL#8#02/03/2010
data	PDL#9#03/03/2010
regulamentacao	PDL#10#03/03/2010
saude	PDL#11#16/03/2010
saude	PDL#12#16/03/2010
regulamentacao	PDL#13#16/03/2010
data	PDL#14#16/03/2010
regulamentacao	PDL#15#16/03/2010
regulamentacao	PDL#16#24/03/2010
regulamentacao	PDL#17#24/03/2010
regulamentacao	PDL#18#24/03/2010
regulamentacao	PDL#19#30/03/2010
regulamentacao	PDL#20#30/03/2010
regulamentacao	PDL#21#13/04/2010
regulamentacao	PDL#22#13/04/2010
regulamentacao	PDL#23#15/04/2010
saude	PDL#24#15/04/2010
regulamentacao	PDL#25#15/04/2010
regulamentacao	PDL#26#27/04/2010
regulamentacao	PDL#27#27/04/2010
regulamentacao	PDL#28#27/04/2010
saude	PDL#29#27/04/2010
regulamentacao	PDL#30#27/04/2010
data	PDL#31#27/04/2010
regulamentacao	PDL#32#27/04/2010
regulamentacao	PDL#33#28/04/2010
data	PDL#34#05/05/2010
muda_nome	PDL#35#05/05/2010
regulamentacao	PDL#36#12/05/2010
data	PDL#37#12/05/2010
regulamentacao	PDL#38#12/05/2010
edu	PDL#39#18/05/2010
regulamentacao	PDL#40#26/05/2010
saude	PDL#41#26/05/2010
regulamentacao	PDL#42#10/06/2010
regulamentacao	PDL#43#16/06/2010
regulamentacao	PDL#44#16/06/2010
muda_nome	PDL#45#22/06/2010
regulamentacao	PDL#46#23/06/2010
regulamentacao	PDL#47#23/06/2010
regulamentacao	PDL#48#23/06/2010
regulamentacao	PDL#49#23/06/2010
regulamentacao	PDL#50#23/06/2010
regulamentacao	PDL#51#04/08/2010
regulamentacao	PDL#52#04/08/2010
saude	PDL#53#04/08/2010
regulamentacao	PDL#54#04/08/2010
regulamentacao	PDL#55#04/08/2010
regulamentacao	PDL#56#04/08/2010
regulamentacao	PDL#57#04/08/2010
regulamentacao	PDL#58#04/08/2010
regulamentacao	PDL#59#04/08/2010
regulamentacao	PDL#60#04/08/2010
regulamentacao	PDL#61#04/08/2010
regulamentacao	PDL#62#10/08/2010
regulamentacao	PDL#63#11/08/2010
regulamentacao	PDL#64#11/08/2010
regulamentacao	PDL#65#11/08/2010
saude	PDL#66#24/08/2010
regulamentacao	PDL#67#24/08/2010
regulamentacao	PDL#68#24/08/2010
regulamentacao	PDL#69#24/08/2010
regulamentacao	PDL#70#25/08/2010
regulamentacao	PDL#71#02/09/2010
regulamentacao	PDL#72#02/09/2010
edu	PDL#73#02/09/2010
data	PDL#74#08/09/2010
edu	PDL#75#21/09/2010
regulamentacao	PDL#76#29/09/2010
regulamentacao	PDL#77#05/10/2010
data	PDL#78#05/10/2010
regulamentacao	PDL#79#05/10/2010
regulamentacao	PDL#80#05/10/2010
regulamentacao	PDL#81#13/10/2010
edu	PDL#82#20/10/2010
regulamentacao	PDL#83#20/10/2010
regulamentacao	PDL#84#27/10/2010
regulamentacao	PDL#85#03/11/2010
saude	PDL#86#03/11/2010
regulamentacao	PDL#87#09/11/2010
regulamentacao	PDL#88#18/11/2010
muda_nome	PDL#89#15/12/2010
regulamentacao	PDL#90#15/12/2010
regulamentacao	PDL#91#15/12/2010
muda_nome	PDL#92#15/12/2010
data	PDL#93#15/12/2010
regulamentacao	PDL#94#15/12/2010
regulamentacao	PDL#95#15/12/2010
regulamentacao	PDL#96#15/12/2010
regulamentacao	PDL#97#15/12/2010
regulamentacao	PDL#98#15/12/2010
regulamentacao	PDL#99#15/12/2010
regulamentacao	PDL#100#15/12/2010
data	PDL#1#05/04/2011
regulamentacao	PDL#2#05/04/2011
saude	PDL#3#05/04/2011
data	PDL#4#05/04/2011
data	PDL#5#05/04/2011
regulamentacao	PDL#6#05/04/2011
regulamentacao	PDL#7#05/04/2011
regulamentacao	PDL#8#16/02/2011
regulamentacao	PDL#9#05/04/2011
regulamentacao	PDL#10#05/04/2011
regulamentacao	PDL#11#05/04/2011
regulamentacao	PDL#12#05/04/2011
regulamentacao	PDL#13#05/04/2011
regulamentacao	PDL#14#05/04/2011
regulamentacao	PDL#15#05/04/2011
saude	PDL#16#05/04/2011
regulamentacao	PDL#17#05/04/2011
regulamentacao	PDL#18#05/04/2011
regulamentacao	PDL#19#05/04/2011
regulamentacao	PDL#20#12/04/2011
data	PDL#21#13/04/2011
data	PDL#22#13/04/2011
muda_nome	PDL#23#19/04/2011
regulamentacao	PDL#24#19/04/2011
data	PDL#25#27/04/2011
data	PDL#26#27/04/2011
regulamentacao	PDL#27#27/04/2011
regulamentacao	PDL#28#27/04/2011
regulamentacao	PDL#29#27/04/2011
regulamentacao	PDL#30#05/05/2011
regulamentacao	PDL#31#05/05/2011
data	PDL#32#05/05/2011
regulamentacao	PDL#33#10/05/2011
saude	PDL#34#10/05/2011
regulamentacao	PDL#35#25/05/2011
regulamentacao	PDL#36#25/05/2011
regulamentacao	PDL#37#25/05/2011
saude	PDL#38#25/05/2011
muda_nome	PDL#39#25/05/2011
regulamentacao	PDL#40#01/06/2011
regulamentacao	PDL#41#09/06/2011
regulamentacao	PDL#42#21/06/2011
saude	PDL#43#21/06/2011
data	PDL#44#21/06/2011
regulamentacao	PDL#45#21/06/2011
regulamentacao	PDL#46#21/06/2011
data	PDL#47#21/06/2011
regulamentacao	PDL#48#02/08/2011
data	PDL#49#02/08/2011
saude	PDL#50#02/08/2011
saude	PDL#51#02/08/2011
regulamentacao	PDL#52#02/08/2011
edu	PDL#53#10/08/2011
saude	PDL#54#10/08/2011
data	PDL#55#10/08/2011
regulamentacao	PDL#56#10/08/2011
regulamentacao	PDL#57#10/08/2011
regulamentacao	PDL#58#11/08/2011
regulamentacao	PDL#59#11/08/2011
regulamentacao	PDL#60#11/08/2011
regulamentacao	PDL#61#11/08/2011
regulamentacao	PDL#62#23/08/2011
regulamentacao	PDL#63#23/08/2011
regulamentacao	PDL#64#23/08/2011
regulamentacao	PDL#65#23/08/2011
edu	PDL#66#25/08/2011
data	PDL#67#30/08/2011
regulamentacao	PDL#68#30/08/2011
regulamentacao	PDL#69#30/08/2011
muda_nome	PDL#70#13/09/2011
regulamentacao	PDL#71#13/09/2011
regulamentacao	PDL#72#13/09/2011
regulamentacao	PDL#73#14/09/2011
data	PDL#74#14/09/2011
regulamentacao	PDL#75#14/09/2011
regulamentacao	PDL#76#21/09/2011
regulamentacao	PDL#77#21/09/2011
regulamentacao	PDL#78#21/09/2011
regulamentacao	PDL#79#22/09/2011
muda_nome	PDL#80#28/09/2011
data	PDL#81#28/09/2011
saude	PDL#82#28/09/2011
saude	PDL#83#05/10/2011
regulamentacao	PDL#84#19/10/2011
regulamentacao	PDL#85#19/10/2011
saude	PDL#86#19/10/2011
muda_nome	PDL#87#20/10/2011
regulamentacao	PDL#88#20/10/2011
regulamentacao	PDL#89#20/10/2011
regulamentacao	PDL#90#20/10/2011
regulamentacao	PDL#91#25/10/2011
saude	PDL#92#25/10/2011
regulamentacao	PDL#93#09/11/2011
saude	PDL#94#09/11/2011
regulamentacao	PDL#95#09/11/2011
saude	PDL#96#09/11/2011
data	PDL#97#09/11/2011
regulamentacao	PDL#98#09/11/2011
cultura	PDL#99#22/11/2011
regulamentacao	PDL#100#24/11/2011
regulamentacao	PDL#101#08/12/2011
regulamentacao	PDL#102#08/12/2011
regulamentacao	PDL#103#08/12/2011
data	PDL#104#08/12/2011
saude	PDL#105#08/12/2011
regulamentacao	PDL#106#08/12/2011
regulamentacao	PDL#107#14/12/2011
regulamentacao	PDL#108#14/12/2011
muda_nome	PDL#109#14/12/2011
regulamentacao	PDL#110#14/12/2011
regulamentacao	PDL#111#14/12/2011
regulamentacao	PDL#112#15/12/2011
regulamentacao	PDL#1#07/02/2012
edu	PDL#2#07/02/2012
saude	PDL#3#09/02/2012
saude	PDL#4#09/02/2012
muda_nome	PDL#5#09/02/2012
regulamentacao	PDL#6#09/02/2012
saude	PDL#7#15/02/2012
data	PDL#8#28/02/2012
edu	PDL#9#06/03/2012
regulamentacao	PDL#10#06/03/2012
regulamentacao	PDL#11#13/03/2012
regulamentacao	PDL#12#13/03/2012
data	PDL#13#13/03/2012
regulamentacao	PDL#14#03/04/2012
edu	PDL#15#03/04/2012
regulamentacao	PDL#16#03/04/2012
regulamentacao	PDL#17#03/04/2012
regulamentacao	PDL#18#03/04/2012
regulamentacao	PDL#19#03/04/2012
regulamentacao	PDL#20#03/04/2012
regulamentacao	PDL#21#03/04/2012
regulamentacao	PDL#22#03/04/2012
regulamentacao	PDL#23#03/04/2012
data	PDL#24#03/04/2012
regulamentacao	PDL#25#03/04/2012
muda_nome	PDL#26#18/04/2012
saude	PDL#27#11/04/2012
regulamentacao	PDL#28#18/04/2012
regulamentacao	PDL#29#18/04/2012
edu	PDL#30#18/04/2012
regulamentacao	PDL#31#18/04/2012
saude	PDL#32#18/04/2012
edu	PDL#33#18/04/2012
regulamentacao	PDL#34#25/04/2012
saude	PDL#35#02/05/2012
regulamentacao	PDL#36#02/05/2012
regulamentacao	PDL#37#02/05/2012
ambiente 	PL#113#10/03/2009
ambiente 	PL#137#17/03/2009
ambiente 	PL#14#03/02/2009
ambiente 	PL#15#03/02/2009
ambiente 	PL#24#03/02/2009
ambiente 	PL#27#03/02/2009
ambiente 	PL#38#17/02/2009
ambiente 	PL#46#17/02/2009
ambiente 	PL#56#17/02/2009
ambiente 	PL#59#17/02/2009
ambiente 	PL#63#17/02/2009
ambiente 	PL#84#26/02/2009
ambiente 	PL#86#26/02/2009
ambiente 	PL#131#17/03/2009
ambiente 	PL#200#31/03/2009
ambiente 	PL#493#04/08/2009
ambiente 	PL#97#13/03/2012
ambiente 	PL#171#18/04/2012
ambiente 	PL#186#25/04/2012
aumento 	PL#42#17/02/2009
aumento 	PL#88#16/03/2010
aumento 	PL#142#14/04/2010
aumento 	PL#304#24/06/2010
aumento 	PL#99#13/03/2012
aumento 	PL#155#18/04/2012
cultura 	PL#221#14/04/2009
cultura 	PL#13#03/02/2009
cultura 	PL#34#17/02/2009
cultura 	PL#35#17/02/2009
cultura 	PL#37#17/02/2009
cultura 	PL#53#17/02/2009
cultura 	PL#60#17/02/2009
cultura 	PL#72#17/02/2009
cultura 	PL#73#18/02/2009
cultura 	PL#74#18/02/2009
cultura 	PL#405#16/06/2009
cultura 	PL#755#09/12/2009
cultura 	PL#371#05/08/2010
cultura 	PL#470#20/10/2010
cultura 	PL#506#25/10/2011
cultura 	PL#380#11/08/2011
data 	PL#92#13/03/2012
data 	PL#111#10/03/2009
data 	PL#129#11/03/2009
data 	PL#144#18/03/2009
data 	PL#147#24/03/2009
data 	PL#150#25/03/2009
data 	PL#206#31/03/2009
data 	PL#214#07/04/2009
data 	PL#215#07/04/2009
data 	PL#218#07/04/2009
data 	PL#220#14/04/2009
data 	PL#229#14/04/2009
data 	PL#231#14/04/2009
data 	PL#232#14/04/2009
data 	PL#234#14/04/2009
data 	PL#242#15/04/2009
data 	PL#247#15/04/2009
data 	PL#254#22/04/2009
data 	PL#288#05/05/2009
data 	PL#289#05/05/2009
data 	PL#306#07/05/2009
data 	PL#332#19/05/2009
data 	PL#361#27/05/2009
data 	PL#369#28/05/2009
data 	PL#394#10/06/2009
data 	PL#398#10/06/2009
data 	PL#402#16/06/2009
data 	PL#406#16/06/2009
data 	PL#430#23/06/2009
data 	PL#436#23/06/2009
data 	PL#438#23/06/2009
data 	PL#460#04/08/2009
data 	PL#477#04/08/2009
data 	PL#481#04/08/2009
data 	PL#485#04/08/2009
data 	PL#494#04/08/2009
data 	PL#506#05/08/2009
data 	PL#532#18/08/2009
data 	PL#541#25/08/2009
data 	PL#567#02/09/2009
data 	PL#568#02/09/2009
data 	PL#614#22/09/2009
data 	PL#646#06/10/2009
data 	PL#664#14/10/2009
data 	PL#666#20/10/2009
data 	PL#687#27/10/2009
data 	PL#698#04/11/2009
data 	PL#701#04/11/2009
data 	PL#708#10/11/2009
data 	PL#709#10/11/2009
data 	PL#716#17/11/2009
data 	PL#728#24/11/2009
data 	PL#740#01/12/2009
data 	PL#26#24/02/2010
data 	PL#30#24/02/2010
data 	PL#44#24/02/2010
data 	PL#60#24/02/2010
data 	PL#71#16/03/2010
data 	PL#109#25/03/2010
data 	PL#111#30/03/2010
data 	PL#117#08/04/2010
data 	PL#121#08/04/2010
data 	PL#137#13/04/2010
data 	PL#147#27/04/2010
data 	PL#155#27/04/2010
data 	PL#180#05/05/2010
data 	PL#182#11/05/2010
data 	PL#184#11/05/2010
data 	PL#186#11/05/2010
data 	PL#200#18/05/2010
data 	PL#201#18/05/2010
data 	PL#212#18/05/2010
data 	PL#213#18/05/2010
data 	PL#217#20/05/2010
data 	PL#236#27/05/2010
data 	PL#250#02/06/2010
data 	PL#251#02/06/2010
data 	PL#252#09/06/2010
data 	PL#282#22/06/2010
data 	PL#291#22/06/2010
data 	PL#334#04/08/2010
data 	PL#376#10/08/2010
data 	PL#388#17/08/2010
data 	PL#430#14/09/2010
data 	PL#433#15/09/2010
data 	PL#439#28/09/2010
data 	PL#471#20/10/2010
data 	PL#472#27/10/2010
data 	PL#475#27/10/2010
data 	PL#476#27/10/2010
data 	PL#494#03/11/2010
data 	PL#501#04/11/2010
data 	PL#502#04/11/2010
data 	PL#513#16/11/2010
data 	PL#575#15/12/2010
data 	PL#21#05/04/2011
data 	PL#26#05/04/2011
data 	PL#29#05/04/2011
data 	PL#30#05/04/2011
data 	PL#34#05/04/2011
data 	PL#107#05/04/2011
data 	PL#123#05/04/2011
data 	PL#125#05/04/2011
data 	PL#159#12/04/2011
data 	PL#171#12/04/2011
data 	PL#194#27/04/2011
data 	PL#211#05/05/2011
data 	PL#213#05/05/2011
data 	PL#223#10/05/2011
data 	PL#247#25/05/2011
data 	PL#252#25/05/2011
data 	PL#276#01/06/2011
data 	PL#278#07/06/2011
data 	PL#316#29/06/2011
data 	PL#347#02/08/2011
data 	PL#382#11/08/2011
data 	PL#383#16/08/2011
data 	PL#406#23/08/2011
data 	PL#440#13/09/2011
data 	PL#458#21/09/2011
data 	PL#460#21/09/2011
data 	PL#462#21/09/2011
data 	PL#469#28/09/2011
data 	PL#474#28/09/2011
data 	PL#481#05/10/2011
data 	PL#483#05/10/2011
data 	PL#510#09/11/2011
data 	PL#512#09/11/2011
data 	PL#523#16/11/2011
data 	PL#537#16/11/2011
data 	PL#543#22/11/2011
data 	PL#555#22/11/2011
data 	PL#564#08/12/2011
data 	PL#581#08/12/2011
data 	PL#584#08/12/2011
data 	PL#594#14/12/2011
data 	PL#615#14/12/2011
data 	PL#617#14/12/2011
data 	PL#10#07/02/2012
data 	PL#13#07/02/2012
data 	PL#14#07/02/2012
data 	PL#31#07/02/2012
data 	PL#41#09/02/2012
data 	PL#52#28/02/2012
data 	PL#54#28/02/2012
data 	PL#60#28/02/2012
data 	PL#73#06/03/2012
data 	PL#95#13/03/2012
data 	PL#96#13/03/2012
data 	PL#106#03/04/2012
data 	PL#107#03/04/2012
data 	PL#120#03/04/2012
data 	PL#124#03/04/2012
data 	PL#128#03/04/2012
data 	PL#133#03/04/2012
data 	PL#141#03/04/2012
data 	PL#142#03/04/2012
data 	PL#149#18/04/2012
data 	PL#154#18/04/2012
data 	PL#162#18/04/2012
data 	PL#173#18/04/2012
data 	PL#179#25/04/2012
dev 	PL#50#15/02/2012
dev 	PL#161#31/03/2009
dev 	PL#163#31/03/2009
dev 	PL#199#31/03/2009
dev 	PLO#1#03/02/2009
dev 	PLO#10#20/08/2009
dev 	PL#16#03/02/2009
dev 	PL#28#17/02/2009
dev 	PL#40#17/02/2009
dev 	PL#44#17/02/2009
dev 	PL#45#17/02/2009
dev 	PL#48#17/02/2009
dev 	PL#71#17/02/2009
dev 	PL#87#26/02/2009
dev 	PL#93#04/03/2009
dev 	PL#102#04/03/2009
dev 	PL#125#11/03/2009
dev 	PL#599#14/12/2011
dev 	PL#180#25/04/2012
dev 	PL#12#03/02/2009
dev 	PL#39#17/02/2009
dev 	PL#61#17/02/2009
dev 	PL#83#26/02/2009
dev 	PL#85#26/02/2009
dev 	PL#96#04/03/2009
dev 	PL#108#10/03/2009
dev 	PL#558#15/12/2010
dev 	PL#122#03/04/2012
dev 	PL#131#03/04/2012
dev 	PL#166#13/04/2012
direito 	PL#124#11/03/2009
direito 	PL#313#12/05/2009
direito 	PL#569#02/09/2009
direito 	PL#140#13/04/2010
direito 	PL#237#27/05/2010
direito 	PLO#14#21/09/2011
direito 	PL#54#05/04/2011
direito 	PL#191#25/04/2012
edu 	PL#63#28/02/2012
edu 	PL#88#13/03/2012
edu 	PL#90#13/03/2012
edu 	PL#91#13/03/2012
edu 	PL#106#10/03/2009
edu 	PL#134#17/03/2009
edu 	PL#141#17/03/2009
edu 	PL#209#01/04/2009
edu 	PL#3#03/02/2009
edu 	PLO#3#17/02/2009
edu 	PLO#4#04/03/2009
edu 	PLO#5#10/03/2009
edu 	PLO#6#11/03/2009
edu 	PLO#8#26/05/2009
edu 	PL#10#03/02/2009
edu 	PLO#11#09/09/2009
edu 	PL#17#03/02/2009
edu 	PL#18#03/02/2009
edu 	PL#33#17/02/2009
edu 	PL#51#17/02/2009
edu 	PL#58#17/02/2009
edu 	PL#69#17/02/2009
edu 	PL#75#18/02/2009
edu 	PL#76#18/02/2009
edu 	PL#88#04/03/2009
edu 	PL#89#04/03/2009
edu 	PL#101#04/03/2009
edu 	PL#105#10/03/2009
edu 	PL#112#10/03/2009
edu 	PL#123#11/03/2009
edu 	PL#126#11/03/2009
edu 	PL#155#26/03/2009
edu 	PL#217#07/04/2009
edu 	PL#355#26/05/2009
edu 	PL#675#21/10/2009
edu 	PL#692#29/10/2009
edu 	PL#67#03/03/2010
edu 	PL#75#16/03/2010
edu 	PL#122#08/04/2010
edu 	PL#133#13/04/2010
edu 	PL#168#05/05/2010
edu 	PL#173#05/05/2010
edu 	PL#208#18/05/2010
edu 	PL#259#09/06/2010
edu 	PL#353#04/08/2010
edu 	PL#390#17/08/2010
edu 	PL#426#14/09/2010
edu 	PL#461#14/10/2010
edu 	PL#481#27/10/2010
edu 	PL#482#27/10/2010
edu 	PL#530#15/12/2010
edu 	PL#14#05/04/2011
edu 	PL#43#05/04/2011
edu 	PL#72#05/04/2011
edu 	PL#250#25/05/2011
edu 	PL#261#01/06/2011
edu 	PL#294#21/06/2011
edu 	PL#364#03/08/2011
edu 	PLO#2#03/04/2012
edu 	PL#28#07/02/2012
edu 	PL#32#07/02/2012
edu 	PL#35#07/02/2012
edu 	PL#134#03/04/2012
edu 	PL#136#03/04/2012
edu 	PL#139#03/04/2012
edu 	PL#145#03/04/2012
edu 	PL#151#18/04/2012
edu 	PL#163#18/04/2012
edu 	PL#181#25/04/2012
edu 	PL#183#25/04/2012
edu 	PL#184#25/04/2012
edu 	PL#194#02/05/2012
espaco_pub 	PL#49#15/02/2012
espaco_pub 	PL#8#03/02/2009
espaco_pub 	PL#623#29/09/2009
espaco_pub 	PL#665#15/10/2009
espaco_pub 	PLO#3#26/05/2010
espaco_pub 	PL#34#24/02/2010
espaco_pub 	PL#410#01/09/2010
espaco_pub 	PL#56#05/04/2011
espaco_pub 	PL#337#02/08/2011
espaco_pub 	PL#614#14/12/2011
espaco_pub 	PL#30#07/02/2012
espaco_pub 	PL#126#03/04/2012
espaco_pub 	PL#132#03/04/2012
espaco_pub 	PL#158#18/04/2012
espaco_pub 	PL#161#18/04/2012
espaco_pub 	PL#164#18/04/2012
espaco_pub 	PL#165#18/04/2012
espaco_pub 	PL#132#17/03/2009
espaco_pub 	PL#208#01/04/2009
habita 	PL#66#17/02/2009
habita 	PL#77#18/02/2009
habita 	PL#540#25/08/2009
habita 	PL#233#25/05/2011
lixo 	PL#31#17/02/2009
lixo 	PL#92#04/03/2009
lixo 	PL#325#14/05/2009
lixo 	PL#539#25/08/2009
lixo 	PL#174#05/05/2010
lixo 	PL#266#10/06/2010
lixo 	PL#66#05/04/2011
muda_nome 	PL#76#06/03/2012
muda_nome 	PL#20#03/02/2009
muda_nome 	PL#32#17/02/2009
muda_nome 	PL#36#17/02/2009
muda_nome 	PL#49#17/02/2009
muda_nome 	PL#50#17/02/2009
muda_nome 	PL#67#17/02/2009
muda_nome 	PL#70#17/02/2009
muda_nome 	PL#100#04/03/2009
muda_nome 	PL#103#10/03/2009
muda_nome 	PL#117#10/03/2009
muda_nome 	PL#119#10/03/2009
muda_nome 	PL#120#10/03/2009
muda_nome 	PL#122#10/03/2009
muda_nome 	PL#152#25/03/2009
muda_nome 	PL#153#25/03/2009
muda_nome 	PL#156#26/03/2009
muda_nome 	PL#157#26/03/2009
muda_nome 	PL#165#31/03/2009
muda_nome 	PL#166#31/03/2009
muda_nome 	PL#167#31/03/2009
muda_nome 	PL#168#31/03/2009
muda_nome 	PL#169#31/03/2009
muda_nome 	PL#170#31/03/2009
muda_nome 	PL#171#31/03/2009
muda_nome 	PL#172#31/03/2009
muda_nome 	PL#173#31/03/2009
muda_nome 	PL#174#31/03/2009
muda_nome 	PL#175#31/03/2009
muda_nome 	PL#176#31/03/2009
muda_nome 	PL#177#31/03/2009
muda_nome 	PL#178#31/03/2009
muda_nome 	PL#179#31/03/2009
muda_nome 	PL#180#31/03/2009
muda_nome 	PL#181#31/03/2009
muda_nome 	PL#182#31/03/2009
muda_nome 	PL#183#31/03/2009
muda_nome 	PL#184#31/03/2009
muda_nome 	PL#185#31/03/2009
muda_nome 	PL#186#31/03/2009
muda_nome 	PL#187#31/03/2009
muda_nome 	PL#188#31/03/2009
muda_nome 	PL#189#31/03/2009
muda_nome 	PL#190#31/03/2009
muda_nome 	PL#191#31/03/2009
muda_nome 	PL#192#31/03/2009
muda_nome 	PL#193#31/03/2009
muda_nome 	PL#194#31/03/2009
muda_nome 	PL#195#31/03/2009
muda_nome 	PL#196#31/03/2009
muda_nome 	PL#197#31/03/2009
muda_nome 	PL#228#14/04/2009
muda_nome 	PL#235#15/04/2009
muda_nome 	PL#236#15/04/2009
muda_nome 	PL#249#22/04/2009
muda_nome 	PL#250#22/04/2009
muda_nome 	PL#253#22/04/2009
muda_nome 	PL#264#28/04/2009
muda_nome 	PL#266#28/04/2009
muda_nome 	PL#268#28/04/2009
muda_nome 	PL#270#29/04/2009
muda_nome 	PL#271#29/04/2009
muda_nome 	PL#299#06/05/2009
muda_nome 	PL#307#07/05/2009
muda_nome 	PL#310#07/05/2009
muda_nome 	PL#311#12/05/2009
muda_nome 	PL#312#12/05/2009
muda_nome 	PL#314#12/05/2009
muda_nome 	PL#326#14/05/2009
muda_nome 	PL#329#19/05/2009
muda_nome 	PL#331#19/05/2009
muda_nome 	PL#338#21/05/2009
muda_nome 	PL#353#26/05/2009
muda_nome 	PL#366#27/05/2009
muda_nome 	PL#379#03/06/2009
muda_nome 	PL#381#10/06/2009
muda_nome 	PL#383#10/06/2009
muda_nome 	PL#384#10/06/2009
muda_nome 	PL#403#16/06/2009
muda_nome 	PL#409#16/06/2009
muda_nome 	PL#410#16/06/2009
muda_nome 	PL#415#16/06/2009
muda_nome 	PL#417#16/06/2009
muda_nome 	PL#418#16/06/2009
muda_nome 	PL#469#04/08/2009
muda_nome 	PL#471#04/08/2009
muda_nome 	PL#472#04/08/2009
muda_nome 	PL#478#04/08/2009
muda_nome 	PL#496#05/08/2009
muda_nome 	PL#501#05/08/2009
muda_nome 	PL#503#05/08/2009
muda_nome 	PL#504#05/08/2009
muda_nome 	PL#505#05/08/2009
muda_nome 	PL#510#06/08/2009
muda_nome 	PL#511#06/08/2009
muda_nome 	PL#513#11/08/2009
muda_nome 	PL#515#11/08/2009
muda_nome 	PL#522#11/08/2009
muda_nome 	PL#524#13/08/2009
muda_nome 	PL#525#13/08/2009
muda_nome 	PL#530#18/08/2009
muda_nome 	PL#535#20/08/2009
muda_nome 	PL#536#20/08/2009
muda_nome 	PL#543#25/08/2009
muda_nome 	PL#547#01/09/2009
muda_nome 	PL#548#01/09/2009
muda_nome 	PL#549#01/09/2009
muda_nome 	PL#550#01/09/2009
muda_nome 	PL#553#01/09/2009
muda_nome 	PL#564#02/09/2009
muda_nome 	PL#565#02/09/2009
muda_nome 	PL#566#02/09/2009
muda_nome 	PL#570#02/09/2009
muda_nome 	PL#588#16/09/2009
muda_nome 	PL#590#16/09/2009
muda_nome 	PL#601#16/09/2009
muda_nome 	PL#625#29/09/2009
muda_nome 	PL#628#29/09/2009
muda_nome 	PL#630#30/09/2009
muda_nome 	PL#642#01/10/2009
muda_nome 	PL#647#06/10/2009
muda_nome 	PL#676#22/10/2009
muda_nome 	PL#677#22/10/2009
muda_nome 	PL#682#27/10/2009
muda_nome 	PL#689#28/10/2009
muda_nome 	PL#702#04/11/2009
muda_nome 	PL#703#04/11/2009
muda_nome 	PL#705#04/11/2009
muda_nome 	PL#706#04/11/2009
muda_nome 	PL#714#12/11/2009
muda_nome 	PL#717#17/11/2009
muda_nome 	PL#723#18/11/2009
muda_nome 	PL#732#25/11/2009
muda_nome 	PL#735#26/11/2009
muda_nome 	PL#738#01/12/2009
muda_nome 	PL#744#02/12/2009
muda_nome 	PL#746#02/12/2009
muda_nome 	PL#747#02/12/2009
muda_nome 	PL#748#02/12/2009
muda_nome 	PL#749#02/12/2009
muda_nome 	PL#757#09/12/2009
muda_nome 	PL#758#09/12/2009
muda_nome 	PL#759#09/12/2009
muda_nome 	PL#761#10/12/2009
muda_nome 	PL#2#24/02/2010
muda_nome 	PL#7#24/02/2010
muda_nome 	PL#18#24/02/2010
muda_nome 	PL#19#24/02/2010
muda_nome 	PL#20#24/02/2010
muda_nome 	PL#21#24/02/2010
muda_nome 	PL#22#24/02/2010
muda_nome 	PL#23#24/02/2010
muda_nome 	PL#35#24/02/2010
muda_nome 	PL#36#24/02/2010
muda_nome 	PL#52#24/02/2010
muda_nome 	PL#54#24/02/2010
muda_nome 	PL#57#24/02/2010
muda_nome 	PL#66#03/03/2010
muda_nome 	PL#73#16/03/2010
muda_nome 	PL#76#16/03/2010
muda_nome 	PL#84#16/03/2010
muda_nome 	PL#92#18/03/2010
muda_nome 	PL#94#24/03/2010
muda_nome 	PL#95#24/03/2010
muda_nome 	PL#101#24/03/2010
muda_nome 	PL#103#24/03/2010
muda_nome 	PL#120#08/04/2010
muda_nome 	PL#123#08/04/2010
muda_nome 	PL#127#08/04/2010
muda_nome 	PL#130#13/04/2010
muda_nome 	PL#131#13/04/2010
muda_nome 	PL#160#27/04/2010
muda_nome 	PL#171#05/05/2010
muda_nome 	PL#172#05/05/2010
muda_nome 	PL#177#05/05/2010
muda_nome 	PL#179#05/05/2010
muda_nome 	PL#181#11/05/2010
muda_nome 	PL#183#11/05/2010
muda_nome 	PL#191#11/05/2010
muda_nome 	PL#197#18/05/2010
muda_nome 	PL#210#18/05/2010
muda_nome 	PL#214#18/05/2010
muda_nome 	PL#222#20/05/2010
muda_nome 	PL#228#26/05/2010
muda_nome 	PL#230#26/05/2010
muda_nome 	PL#234#27/05/2010
muda_nome 	PL#238#27/05/2010
muda_nome 	PL#246#01/06/2010
muda_nome 	PL#257#09/06/2010
muda_nome 	PL#258#09/06/2010
muda_nome 	PL#276#22/06/2010
muda_nome 	PL#277#22/06/2010
muda_nome 	PL#294#22/06/2010
muda_nome 	PL#310#30/06/2010
muda_nome 	PL#311#30/06/2010
muda_nome 	PL#313#30/06/2010
muda_nome 	PL#330#04/08/2010
muda_nome 	PL#333#04/08/2010
muda_nome 	PL#341#04/08/2010
muda_nome 	PL#349#04/08/2010
muda_nome 	PL#365#04/08/2010
muda_nome 	PL#366#04/08/2010
muda_nome 	PL#367#04/08/2010
muda_nome 	PL#368#04/08/2010
muda_nome 	PL#369#04/08/2010
muda_nome 	PL#373#05/08/2010
muda_nome 	PL#379#10/08/2010
muda_nome 	PL#380#10/08/2010
muda_nome 	PL#382#10/08/2010
muda_nome 	PL#383#10/08/2010
muda_nome 	PL#389#17/08/2010
muda_nome 	PL#394#17/08/2010
muda_nome 	PL#397#18/08/2010
muda_nome 	PL#398#18/08/2010
muda_nome 	PL#407#31/08/2010
muda_nome 	PL#408#31/08/2010
muda_nome 	PL#415#08/09/2010
muda_nome 	PL#416#08/09/2010
muda_nome 	PL#417#08/09/2010
muda_nome 	PL#418#08/09/2010
muda_nome 	PL#421#08/09/2010
muda_nome 	PL#428#14/09/2010
muda_nome 	PL#435#21/09/2010
muda_nome 	PL#437#21/09/2010
muda_nome 	PL#445#05/10/2010
muda_nome 	PL#460#14/10/2010
muda_nome 	PL#465#20/10/2010
muda_nome 	PL#466#20/10/2010
muda_nome 	PL#467#20/10/2010
muda_nome 	PL#473#27/10/2010
muda_nome 	PL#489#03/11/2010
muda_nome 	PL#498#03/11/2010
muda_nome 	PL#503#09/11/2010
muda_nome 	PL#506#09/11/2010
muda_nome 	PL#511#10/11/2010
muda_nome 	PL#514#16/11/2010
muda_nome 	PL#518#16/11/2010
muda_nome 	PL#542#15/12/2010
muda_nome 	PL#543#15/12/2010
muda_nome 	PL#545#15/12/2010
muda_nome 	PL#546#15/12/2010
muda_nome 	PL#551#15/12/2010
muda_nome 	PL#556#15/12/2010
muda_nome 	PL#563#15/12/2010
muda_nome 	PL#565#15/12/2010
muda_nome 	PL#566#15/12/2010
muda_nome 	PL#567#15/12/2010
muda_nome 	PL#569#15/12/2010
muda_nome 	PL#570#15/12/2010
muda_nome 	PL#571#15/12/2010
muda_nome 	PL#576#15/12/2010
muda_nome 	PL#577#15/12/2010
muda_nome 	PL#19#05/04/2011
muda_nome 	PL#35#05/04/2011
muda_nome 	PL#36#05/04/2011
muda_nome 	PL#47#05/04/2011
muda_nome 	PL#55#05/04/2011
muda_nome 	PL#60#05/04/2011
muda_nome 	PL#90#05/04/2011
muda_nome 	PL#93#05/04/2011
muda_nome 	PL#104#05/04/2011
muda_nome 	PL#110#05/04/2011
muda_nome 	PL#119#05/04/2011
muda_nome 	PL#122#05/04/2011
muda_nome 	PL#127#05/04/2011
muda_nome 	PL#128#05/04/2011
muda_nome 	PL#129#05/04/2011
muda_nome 	PL#130#05/04/2011
muda_nome 	PL#131#05/04/2011
muda_nome 	PL#150#05/04/2011
muda_nome 	PL#158#12/04/2011
muda_nome 	PL#160#12/04/2011
muda_nome 	PL#161#12/04/2011
muda_nome 	PL#168#12/04/2011
muda_nome 	PL#169#12/04/2011
muda_nome 	PL#175#13/04/2011
muda_nome 	PL#177#13/04/2011
muda_nome 	PL#180#14/04/2011
muda_nome 	PL#187#27/04/2011
muda_nome 	PL#192#27/04/2011
muda_nome 	PL#200#27/04/2011
muda_nome 	PL#201#27/04/2011
muda_nome 	PL#212#05/05/2011
muda_nome 	PL#218#05/05/2011
muda_nome 	PL#220#05/05/2011
muda_nome 	PL#229#25/05/2011
muda_nome 	PL#232#25/05/2011
muda_nome 	PL#235#25/05/2011
muda_nome 	PL#243#25/05/2011
muda_nome 	PL#244#25/05/2011
muda_nome 	PL#274#01/06/2011
muda_nome 	PL#289#21/06/2011
muda_nome 	PL#315#29/06/2011
muda_nome 	PL#319#29/06/2011
muda_nome 	PL#320#29/06/2011
muda_nome 	PL#321#29/06/2011
muda_nome 	PL#322#29/06/2011
muda_nome 	PL#323#29/06/2011
muda_nome 	PL#324#29/06/2011
muda_nome 	PL#325#29/06/2011
muda_nome 	PL#351#02/08/2011
muda_nome 	PL#352#02/08/2011
muda_nome 	PL#353#02/08/2011
muda_nome 	PL#354#02/08/2011
muda_nome 	PL#360#02/08/2011
muda_nome 	PL#366#03/08/2011
muda_nome 	PL#373#10/08/2011
muda_nome 	PL#374#10/08/2011
muda_nome 	PL#386#16/08/2011
muda_nome 	PL#391#16/08/2011
muda_nome 	PL#401#18/08/2011
muda_nome 	PL#416#23/08/2011
muda_nome 	PL#434#13/09/2011
muda_nome 	PL#435#13/09/2011
muda_nome 	PL#441#13/09/2011
muda_nome 	PL#442#13/09/2011
muda_nome 	PL#443#13/09/2011
muda_nome 	PL#444#13/09/2011
muda_nome 	PL#445#13/09/2011
muda_nome 	PL#455#21/09/2011
muda_nome 	PL#473#28/09/2011
muda_nome 	PL#476#28/09/2011
muda_nome 	PL#480#05/10/2011
muda_nome 	PL#485#05/10/2011
muda_nome 	PL#486#05/10/2011
muda_nome 	PL#490#19/10/2011
muda_nome 	PL#515#09/11/2011
muda_nome 	PL#516#09/11/2011
muda_nome 	PL#540#22/11/2011
muda_nome 	PL#541#22/11/2011
muda_nome 	PL#545#22/11/2011
muda_nome 	PL#553#22/11/2011
muda_nome 	PL#568#08/12/2011
muda_nome 	PL#570#08/12/2011
muda_nome 	PL#575#08/12/2011
muda_nome 	PL#593#14/12/2011
muda_nome 	PL#612#14/12/2011
muda_nome 	PL#2#07/02/2012
muda_nome 	PL#3#07/02/2012
muda_nome 	PL#4#07/02/2012
muda_nome 	PL#6#07/02/2012
muda_nome 	PL#7#07/02/2012
muda_nome 	PL#9#07/02/2012
muda_nome 	PL#21#07/02/2012
muda_nome 	PL#23#07/02/2012
muda_nome 	PL#24#07/02/2012
muda_nome 	PL#51#15/02/2012
muda_nome 	PL#53#28/02/2012
muda_nome 	PL#58#28/02/2012
muda_nome 	PL#62#28/02/2012
muda_nome 	PL#66#06/03/2012
muda_nome 	PL#72#06/03/2012
muda_nome 	PL#75#06/03/2012
muda_nome 	PL#80#06/03/2012
muda_nome 	PL#81#06/03/2012
muda_nome 	PL#82#06/03/2012
muda_nome 	PL#84#06/03/2012
muda_nome 	PL#98#13/03/2012
muda_nome 	PL#111#03/04/2012
muda_nome 	PL#113#03/04/2012
muda_nome 	PL#116#03/04/2012
muda_nome 	PL#118#03/04/2012
muda_nome 	PL#119#03/04/2012
muda_nome 	PL#121#03/04/2012
muda_nome 	PL#130#03/04/2012
muda_nome 	PL#135#03/04/2012
muda_nome 	PL#137#03/04/2012
muda_nome 	PL#143#03/04/2012
muda_nome 	PL#148#18/04/2012
muda_nome 	PL#150#18/04/2012
muda_nome 	PL#153#18/04/2012
muda_nome 	PL#157#18/04/2012
muda_nome 	PL#159#18/04/2012
muda_nome 	PL#160#18/04/2012
muda_nome 	PL#169#18/04/2012
muda_nome 	PL#170#18/04/2012
muda_nome 	PL#175#18/04/2012
muda_nome 	PL#176#18/04/2012
muda_nome 	PL#177#25/04/2012
muda_nome 	PL#182#25/04/2012
muda_nome 	PL#185#25/04/2012
muda_nome 	PL#187#25/04/2012
muda_nome 	PL#196#02/05/2012
muda_nome 	PL#197#02/05/2012
muda_nome 	PL#198#02/05/2012
outros 	PL#4#03/02/2009
outros 	PLO#9#04/08/2009
outros 	PL#23#03/02/2009
outros 	PL#41#17/02/2009
outros 	PL#68#17/02/2009
outros 	PL#80#19/02/2009
outros 	PL#94#04/03/2009
outros 	PL#125#03/04/2012
regulamentacao 	PL#74#06/03/2012
regulamentacao 	PL#77#06/03/2012
regulamentacao 	PL#78#06/03/2012
regulamentacao 	PL#79#06/03/2012
regulamentacao 	PL#85#13/03/2012
regulamentacao 	PL#86#13/03/2012
regulamentacao 	PL#87#13/03/2012
regulamentacao 	PL#93#13/03/2012
regulamentacao 	PL#103#03/04/2012
regulamentacao 	PL#104#03/04/2012
regulamentacao 	PL#105#03/04/2012
regulamentacao 	PL#108#03/04/2012
regulamentacao 	PL#193#25/04/2012
regulamentacao 	PL#1#03/02/2009
regulamentacao 	PLO#13#29/09/2009
regulamentacao 	PL#65#17/02/2009
regulamentacao 	PL#99#04/03/2009
regulamentacao 	PL#114#10/03/2009
regulamentacao 	PL#286#05/05/2009
regulamentacao 	PL#337#21/05/2009
regulamentacao 	PL#408#16/06/2009
regulamentacao 	PL#448#30/06/2009
regulamentacao 	PL#68#03/03/2010
regulamentacao 	PL#80#16/03/2010
regulamentacao 	PL#189#11/05/2010
regulamentacao 	PL#207#18/05/2010
regulamentacao 	PL#265#10/06/2010
regulamentacao 	PL#554#15/12/2010
regulamentacao 	PL#9#05/04/2011
regulamentacao 	PL#40#05/04/2011
regulamentacao 	PL#155#12/04/2011
regulamentacao 	PL#172#12/04/2011
regulamentacao 	PL#260#01/06/2011
regulamentacao 	PL#396#16/08/2011
regulamentacao 	PL#538#16/11/2011
regulamentacao 	PL#563#24/11/2011
regulamentacao 	PL#573#08/12/2011
regulamentacao 	PLO#1#15/02/2012
regulamentacao 	PL#102#03/04/2012
regulamentacao 	PL#188#25/04/2012
regulamentacao 	PL#6#03/02/2009
regulamentacao 	PL#476#04/08/2009
regulamentacao 	PL#215#05/05/2011
regulamentacao 	PL#286#09/06/2011
regulamentacao 	PLO#2#03/02/2009
regulamentacao 	PLO#12#09/09/2009
regulamentacao 	PL#57#17/02/2009
regulamentacao 	PL#62#17/02/2009
regulamentacao 	PL#81#26/02/2009
regulamentacao 	PL#130#11/03/2009
regulamentacao 	PL#202#31/03/2009
regulamentacao 	PL#305#06/05/2009
regulamentacao 	PL#512#06/08/2009
regulamentacao 	PL#620#29/09/2009
regulamentacao 	PL#621#29/09/2009
regulamentacao 	PL#17#24/02/2010
regulamentacao 	PL#62#02/03/2010
regulamentacao 	PL#315#30/06/2010
regulamentacao 	PL#384#11/08/2010
regulamentacao 	PL#491#03/11/2010
regulamentacao 	PL#284#09/06/2011
regulamentacao 	PL#288#21/06/2011
regulamentacao 	PL#333#02/08/2011
regulamentacao 	PL#362#03/08/2011
regulamentacao 	PL#425#25/08/2011
regulamentacao 	PL#586#08/12/2011
regulamentacao 	PL#591#08/12/2011
regulamentacao 	PL#616#14/12/2011
regulamentacao 	PL#1#07/02/2012
regulamentacao 	PL#69#06/03/2012
regulamentacao 	PL#110#03/04/2012
regulamentacao 	PL#129#03/04/2012
regulamentacao 	PL#152#18/04/2012
regulamentacao 	PL#156#18/04/2012
regulamentacao 	PL#168#18/04/2012
regulamentacao 	PL#178#25/04/2012
regulamentacao 	PL#189#25/04/2012
regulamentacao 	PL#190#25/04/2012
regulamentacao 	PL#192#25/04/2012
regulamentacao 	PL#142#18/03/2009
regulamentacao 	PL#143#18/03/2009
regulamentacao 	PL#145#18/03/2009
regulamentacao 	PL#154#25/03/2009
regulamentacao 	PL#162#31/03/2009
regulamentacao 	PL#216#07/04/2009
regulamentacao 	PL#239#15/04/2009
regulamentacao 	PL#248#22/04/2009
regulamentacao 	PL#257#23/04/2009
regulamentacao 	PL#258#23/04/2009
regulamentacao 	PL#260#23/04/2009
regulamentacao 	PL#261#23/04/2009
regulamentacao 	PL#263#28/04/2009
saude 	PL#89#13/03/2012
saude 	PL#9#03/02/2009
saude 	PL#21#03/02/2009
saude 	PL#22#03/02/2009
saude 	PL#25#03/02/2009
saude 	PL#26#03/02/2009
saude 	PL#43#17/02/2009
saude 	PL#47#17/02/2009
saude 	PL#54#17/02/2009
saude 	PL#64#17/02/2009
saude 	PL#78#18/02/2009
saude 	PL#82#26/02/2009
saude 	PL#90#04/03/2009
saude 	PL#95#04/03/2009
saude 	PL#97#04/03/2009
saude 	PL#107#10/03/2009
saude 	PL#109#10/03/2009
saude 	PL#110#10/03/2009
saude 	PL#118#10/03/2009
saude 	PL#121#10/03/2009
saude 	PL#127#11/03/2009
saude 	PL#128#11/03/2009
saude 	PL#149#25/03/2009
saude 	PL#226#14/04/2009
saude 	PL#227#14/04/2009
saude 	PL#241#15/04/2009
saude 	PL#246#15/04/2009
saude 	PL#251#22/04/2009
saude 	PL#274#29/04/2009
saude 	PL#280#05/05/2009
saude 	PL#287#05/05/2009
saude 	PL#298#06/05/2009
saude 	PL#324#13/05/2009
saude 	PL#328#14/05/2009
saude 	PL#344#21/05/2009
saude 	PL#393#10/06/2009
saude 	PL#397#10/06/2009
saude 	PL#401#10/06/2009
saude 	PL#422#17/06/2009
saude 	PL#427#23/06/2009
saude 	PL#447#30/06/2009
saude 	PL#453#30/06/2009
saude 	PL#456#30/06/2009
saude 	PL#507#05/08/2009
saude 	PL#542#25/08/2009
saude 	PL#610#17/09/2009
saude 	PL#617#22/09/2009
saude 	PL#654#07/10/2009
saude 	PL#668#20/10/2009
saude 	PL#671#20/10/2009
saude 	PL#737#01/12/2009
saude 	PL#1#24/02/2010
saude 	PLO#11#15/12/2010
saude 	PL#70#16/03/2010
saude 	PL#145#15/04/2010
saude 	PL#149#27/04/2010
saude 	PL#198#18/05/2010
saude 	PL#203#18/05/2010
saude 	PL#226#26/05/2010
saude 	PL#245#01/06/2010
saude 	PL#299#24/06/2010
saude 	PL#381#10/08/2010
saude 	PL#393#17/08/2010
saude 	PL#401#24/08/2010
saude 	PL#402#24/08/2010
saude 	PL#411#01/09/2010
saude 	PL#414#08/09/2010
saude 	PL#443#05/10/2010
saude 	PL#495#03/11/2010
saude 	PL#499#03/11/2010
saude 	PL#521#16/11/2010
saude 	PL#527#18/11/2010
saude 	PL#550#15/12/2010
saude 	PL#4#05/04/2011
saude 	PLO#5#05/04/2011
saude 	PL#16#05/04/2011
saude 	PL#31#05/04/2011
saude 	PL#52#05/04/2011
saude 	PL#76#05/04/2011
saude 	PL#82#05/04/2011
saude 	PL#97#05/04/2011
saude 	PL#98#05/04/2011
saude 	PL#124#05/04/2011
saude 	PL#144#05/04/2011
saude 	PL#182#19/04/2011
saude 	PL#242#25/05/2011
saude 	PL#272#01/06/2011
saude 	PL#283#07/06/2011
saude 	PL#339#02/08/2011
saude 	PL#369#10/08/2011
saude 	PL#379#11/08/2011
saude 	PL#400#18/08/2011
saude 	PL#415#23/08/2011
saude 	PL#477#05/10/2011
saude 	PL#500#20/10/2011
saude 	PL#519#09/11/2011
saude 	PL#592#14/12/2011
saude 	PL#598#14/12/2011
saude 	PL#609#14/12/2011
saude 	PL#19#07/02/2012
saude 	PL#25#07/02/2012
saude 	PL#45#15/02/2012
saude 	PL#48#15/02/2012
saude 	PL#55#28/02/2012
saude 	PL#112#03/04/2012
saude 	PL#127#03/04/2012
saude 	PL#144#03/04/2012
saude 	PL#167#18/04/2012
saude 	PL#172#18/04/2012
saude 	PL#174#18/04/2012
saude 	PL#195#02/05/2012
seguranca 	PL#140#03/04/2012
seguranca 	PL#79#18/02/2009
seguranca 	PL#201#31/03/2009
seguranca 	PL#259#23/04/2009
seguranca 	PL#520#11/08/2009
seguranca 	PL#762#10/12/2009
seguranca 	PL#143#15/04/2010
seguranca 	PL#448#13/09/2011
seguranca 	PL#340#21/05/2009
transito 	PL#61#28/02/2012
transito 	PL#83#06/03/2012
transito 	PL#237#15/04/2009
transito 	PL#265#28/04/2009
transito 	PL#2#03/02/2009
transito 	PL#5#03/02/2009
transito 	PL#7#03/02/2009
transito 	PL#11#03/02/2009
transito 	PL#19#03/02/2009
transito 	PL#29#17/02/2009
transito 	PL#30#17/02/2009
transito 	PL#52#17/02/2009
transito 	PL#55#17/02/2009
transito 	PL#91#04/03/2009
transito 	PL#98#04/03/2009
transito 	PL#123#03/04/2012
transito 	PL#138#03/04/2012
transito 	PL#146#03/04/2012
transito 	PL#147#03/04/2012
